ID,tperiod,time,ID3,cluster,ufn,location,region,site,date,year,month,day,yday,week,set_time.adj,forklength,fishweight,meantemp,meansal,secchi,z.abundance,z.biomass,z.abund.2mm,z.biom.1mm,precip,cloud_cover,sea_state,stock_1
D06_U130,DI_Late,Late,DI_2015,A,U130,DI,West,D06,2015-06-04,2015,06,04,155,23,692,106,12.7,12.25,28.15,10.8,2145.6600000000003,414.25155265399997,0.003454537402010718,0.03320792938573855,none,0,0,Chilko
D06_U266,DI_Late,Late,DI_2015,A,U266,DI,West,D06,2015-06-04,2015,06,04,155,23,692,108,14.1,12.25,28.15,10.8,2145.6600000000003,414.25155265399997,0.003454537402010718,0.03320792938573855,none,0,0,Scotch
D06_U267,DI_Late,Late,DI_2015,A,U267,DI,West,D06,2015-06-04,2015,06,04,155,23,692,105,13.4,12.25,28.15,10.8,2145.6600000000003,414.25155265399997,0.003454537402010718,0.03320792938573855,none,0,0,Pitt
D06_U271,DI_Late,Late,DI_2015,A,U271,DI,West,D06,2015-06-04,2015,06,04,155,23,692,109,14,12.25,28.15,10.8,2145.6600000000003,414.25155265399997,0.003454537402010718,0.03320792938573855,none,0,0,L_Adams
D06_U275,DI_Late,Late,DI_2015,A,U275,DI,West,D06,2015-06-04,2015,06,04,155,23,692,119,17.3,12.25,28.15,10.8,2145.6600000000003,414.25155265399997,0.003454537402010718,0.03320792938573855,none,0,0,Paula
D06_U276,DI_Late,Late,DI_2015,A,U276,DI,West,D06,2015-06-04,2015,06,04,155,23,692,97,9.3,12.25,28.15,10.8,2145.6600000000003,414.25155265399997,0.003454537402010718,0.03320792938573855,none,0,0,L_Adams
D06_U277,DI_Late,Late,DI_2015,A,U277,DI,West,D06,2015-06-04,2015,06,04,155,23,692,105,13.6,12.25,28.15,10.8,2145.6600000000003,414.25155265399997,0.003454537402010718,0.03320792938573855,none,0,0,Bowron
D06_U287,DI_Late,Late,DI_2015,A,U287,DI,West,D06,2015-06-04,2015,06,04,155,23,692,105,14.7,12.25,28.15,10.8,2145.6600000000003,414.25155265399997,0.003454537402010718,0.03320792938573855,none,0,0,Chilko
D06_U288,DI_Late,Late,DI_2015,A,U288,DI,West,D06,2015-06-04,2015,06,04,155,23,692,95,9.8,12.25,28.15,10.8,2145.6600000000003,414.25155265399997,0.003454537402010718,0.03320792938573855,none,0,0,Scotch
D06_U289,DI_Late,Late,DI_2015,A,U289,DI,West,D06,2015-06-04,2015,06,04,155,23,692,101,11.9,12.25,28.15,10.8,2145.6600000000003,414.25155265399997,0.003454537402010718,0.03320792938573855,none,0,0,Scotch
D07_U128,DI_Peak,Peak,DI_2015,D,U128,DI,Central,D07,2015-05-21,2015,05,21,141,21,780,104,11.2,15.649999999999999,27.8,4.2,2640.06,300.969519104,0.08429273547431496,0.006703085780932118,none,0,2,Weaver
D07_U1298,DI_Late,Late,DI_2015,A,U1298,DI,Central,D07,2015-06-09,2015,06,09,160,23,802,104,14.1,11.75,28.6,11.5,673.16,36.824370404,0.0430179320869897,0.03207810319743274,none,0,1,Chilko
D07_U1318,DI_Late,Late,DI_2015,A,U1318,DI,Central,D07,2015-06-09,2015,06,09,160,23,802,106,14.6,11.75,28.6,11.5,673.16,36.824370404,0.0430179320869897,0.03207810319743274,none,0,1,Chilko
D07_U1479,DI_Late,Late,DI_2016,C,U1479,DI,Central,D07,2016-06-16,2016,06,16,168,24,683,101,10.6,17.15,24.95,8.5,2149.14,248.09285210000002,0.1090932344289551,0.006722689080769379,none,25,0,L_Shuswap
D07_U1480,DI_Late,Late,DI_2016,B,U1480,DI,Central,D07,2016-06-16,2016,06,16,168,24,683,94,8.5,17.15,24.95,8.5,2149.14,248.09285210000002,0.1090932344289551,0.006722689080769379,none,25,0,MiddleShuswap
D07_U1481,DI_Late,Late,DI_2016,B,U1481,DI,Central,D07,2016-06-16,2016,06,16,168,24,683,102,8.4,17.15,24.95,8.5,2149.14,248.09285210000002,0.1090932344289551,0.006722689080769379,none,25,0,Seymour
D07_U1482,DI_Late,Late,DI_2016,B,U1482,DI,Central,D07,2016-06-16,2016,06,16,168,24,683,97,8.1,17.15,24.95,8.5,2149.14,248.09285210000002,0.1090932344289551,0.006722689080769379,none,25,0,MiddleShuswap
D07_U1483,DI_Late,Late,DI_2016,B,U1483,DI,Central,D07,2016-06-16,2016,06,16,168,24,683,93,8.6,17.15,24.95,8.5,2149.14,248.09285210000002,0.1090932344289551,0.006722689080769379,none,25,0,NA
D07_U1484,DI_Late,Late,DI_2016,C,U1484,DI,Central,D07,2016-06-16,2016,06,16,168,24,683,103,11.3,17.15,24.95,8.5,2149.14,248.09285210000002,0.1090932344289551,0.006722689080769379,none,25,0,Eagle_L
D07_U1485,DI_Late,Late,DI_2016,B,U1485,DI,Central,D07,2016-06-16,2016,06,16,168,24,683,88,6.7,17.15,24.95,8.5,2149.14,248.09285210000002,0.1090932344289551,0.006722689080769379,none,25,0,NA
D07_U1486,DI_Late,Late,DI_2016,C,U1486,DI,Central,D07,2016-06-16,2016,06,16,168,24,683,97,9.3,17.15,24.95,8.5,2149.14,248.09285210000002,0.1090932344289551,0.006722689080769379,none,25,0,MiddleShuswap
D07_U1487,DI_Late,Late,DI_2016,B,U1487,DI,Central,D07,2016-06-16,2016,06,16,168,24,683,90,7.4,17.15,24.95,8.5,2149.14,248.09285210000002,0.1090932344289551,0.006722689080769379,none,25,0,NA
D07_U1488,DI_Late,Late,DI_2016,B,U1488,DI,Central,D07,2016-06-16,2016,06,16,168,24,683,98,9.9,17.15,24.95,8.5,2149.14,248.09285210000002,0.1090932344289551,0.006722689080769379,none,25,0,Eagle_L
D07_U1736,DI_Late,Late,DI_2016,B,U1736,DI,Central,D07,2016-06-09,2016,06,09,161,23,630,95,10.4,14.55,26.25,4.5,3192.22,671.69904668,0.1716867469879518,0.02697482349204428,none,100,1,Little
D07_U1737,DI_Late,Late,DI_2016,C,U1737,DI,Central,D07,2016-06-09,2016,06,09,161,23,630,92,8.7,14.55,26.25,4.5,3192.22,671.69904668,0.1716867469879518,0.02697482349204428,none,100,1,NA
D07_U1738,DI_Late,Late,DI_2016,B,U1738,DI,Central,D07,2016-06-09,2016,06,09,161,23,630,99,7,14.55,26.25,4.5,3192.22,671.69904668,0.1716867469879518,0.02697482349204428,none,100,1,L_Shuswap
D07_U1739,DI_Late,Late,DI_2016,A,U1739,DI,Central,D07,2016-06-09,2016,06,09,161,23,630,91,8,14.55,26.25,4.5,3192.22,671.69904668,0.1716867469879518,0.02697482349204428,none,100,1,L_Shuswap
D07_U1740,DI_Late,Late,DI_2016,B,U1740,DI,Central,D07,2016-06-09,2016,06,09,161,23,630,91,8.3,14.55,26.25,4.5,3192.22,671.69904668,0.1716867469879518,0.02697482349204428,none,100,1,NA
D07_U1781,DI_Late,Late,DI_2016,A,U1781,DI,Central,D07,2016-06-09,2016,06,09,161,23,630,93,8.9,14.55,26.25,4.5,3192.22,671.69904668,0.1716867469879518,0.02697482349204428,none,100,1,L_Shuswap
D07_U1782,DI_Late,Late,DI_2016,B,U1782,DI,Central,D07,2016-06-09,2016,06,09,161,23,630,110,10.4,14.55,26.25,4.5,3192.22,671.69904668,0.1716867469879518,0.02697482349204428,none,100,1,Chilko-North
D07_U1783,DI_Late,Late,DI_2016,B,U1783,DI,Central,D07,2016-06-09,2016,06,09,161,23,630,90,8.2,14.55,26.25,4.5,3192.22,671.69904668,0.1716867469879518,0.02697482349204428,none,100,1,Scotch
D07_U1784,DI_Late,Late,DI_2016,B,U1784,DI,Central,D07,2016-06-09,2016,06,09,161,23,630,84,7.7,14.55,26.25,4.5,3192.22,671.69904668,0.1716867469879518,0.02697482349204428,none,100,1,NA
D07_U1785,DI_Late,Late,DI_2016,C,U1785,DI,Central,D07,2016-06-09,2016,06,09,161,23,630,92,8.4,14.55,26.25,4.5,3192.22,671.69904668,0.1716867469879518,0.02697482349204428,none,100,1,L_Shuswap
D07_U1902,DI_Late,Late,DI_2016,C,U1902,DI,Central,D07,2016-06-03,2016,06,03,155,23,765,92,6.6,15.7,25.75,9.3,9615.630000000001,893.73356086,0.12242729526582975,0.10207698459646668,none,100,1,L_Shuswap
D07_U1903,DI_Late,Late,DI_2016,C,U1903,DI,Central,D07,2016-06-03,2016,06,03,155,23,765,94,7.8,15.7,25.75,9.3,9615.630000000001,893.73356086,0.12242729526582975,0.10207698459646668,none,100,1,NA
D07_U1904,DI_Late,Late,DI_2016,C,U1904,DI,Central,D07,2016-06-03,2016,06,03,155,23,765,89,7.5,15.7,25.75,9.3,9615.630000000001,893.73356086,0.12242729526582975,0.10207698459646668,none,100,1,L_Shuswap
D07_U1905,DI_Late,Late,DI_2016,C,U1905,DI,Central,D07,2016-06-03,2016,06,03,155,23,765,93,7.5,15.7,25.75,9.3,9615.630000000001,893.73356086,0.12242729526582975,0.10207698459646668,none,100,1,NA
D07_U1906,DI_Late,Late,DI_2016,C,U1906,DI,Central,D07,2016-06-03,2016,06,03,155,23,765,95,8.4,15.7,25.75,9.3,9615.630000000001,893.73356086,0.12242729526582975,0.10207698459646668,none,100,1,L_Adams
D07_U1907,DI_Late,Late,DI_2016,C,U1907,DI,Central,D07,2016-06-03,2016,06,03,155,23,765,95,8.2,15.7,25.75,9.3,9615.630000000001,893.73356086,0.12242729526582975,0.10207698459646668,none,100,1,L_Adams
D07_U1908,DI_Late,Late,DI_2016,C,U1908,DI,Central,D07,2016-06-03,2016,06,03,155,23,765,92,8,15.7,25.75,9.3,9615.630000000001,893.73356086,0.12242729526582975,0.10207698459646668,none,100,1,Scotch
D07_U1909,DI_Late,Late,DI_2016,C,U1909,DI,Central,D07,2016-06-03,2016,06,03,155,23,765,92,7.8,15.7,25.75,9.3,9615.630000000001,893.73356086,0.12242729526582975,0.10207698459646668,none,100,1,L_Adams
D07_U1910,DI_Late,Late,DI_2016,C,U1910,DI,Central,D07,2016-06-03,2016,06,03,155,23,765,94,7.6,15.7,25.75,9.3,9615.630000000001,893.73356086,0.12242729526582975,0.10207698459646668,none,100,1,L_Adams
D07_U1931,DI_Late,Late,DI_2016,C,U1931,DI,Central,D07,2016-06-03,2016,06,03,155,23,765,104,9.4,15.7,25.75,9.3,9615.630000000001,893.73356086,0.12242729526582975,0.10207698459646668,none,100,1,NA
D07_U1944,DI_Peak,Peak,DI_2016,B,U1944,DI,Central,D07,2016-05-26,2016,05,26,147,21,666,92,5.9,12.7,27.7,4,14121.880000000001,681.1038931319999,0.08637854635437647,0.004593723899613108,none,100,1,Chilko
D07_U1945,DI_Peak,Peak,DI_2016,B,U1945,DI,Central,D07,2016-05-26,2016,05,26,147,21,666,91,6.4,12.7,27.7,4,14121.880000000001,681.1038931319999,0.08637854635437647,0.004593723899613108,none,100,1,L_Adams
D07_U1946,DI_Peak,Peak,DI_2016,B,U1946,DI,Central,D07,2016-05-26,2016,05,26,147,21,666,86,5.8,12.7,27.7,4,14121.880000000001,681.1038931319999,0.08637854635437647,0.004593723899613108,none,100,1,L_Shuswap
D07_U1947,DI_Peak,Peak,DI_2016,B,U1947,DI,Central,D07,2016-05-26,2016,05,26,147,21,666,95,8.1,12.7,27.7,4,14121.880000000001,681.1038931319999,0.08637854635437647,0.004593723899613108,none,100,1,L_Shuswap
D07_U1948,DI_Peak,Peak,DI_2016,B,U1948,DI,Central,D07,2016-05-26,2016,05,26,147,21,666,98,7.7,12.7,27.7,4,14121.880000000001,681.1038931319999,0.08637854635437647,0.004593723899613108,none,100,1,L_Shuswap
D07_U1949,DI_Peak,Peak,DI_2016,B,U1949,DI,Central,D07,2016-05-26,2016,05,26,147,21,666,87,6.1,12.7,27.7,4,14121.880000000001,681.1038931319999,0.08637854635437647,0.004593723899613108,none,100,1,Chilko
D07_U1950,DI_Peak,Peak,DI_2016,B,U1950,DI,Central,D07,2016-05-26,2016,05,26,147,21,666,79,6.1,12.7,27.7,4,14121.880000000001,681.1038931319999,0.08637854635437647,0.004593723899613108,none,100,1,L_Adams
D07_U1954,DI_Early,Early,DI_2016,C,U1954,DI,Central,D07,2016-05-14,2016,05,14,135,20,781,128,NA,15.15,26.7,1.5,17403.6,727.88,0.03927922958468363,0.011045340818941844,none,50,1,NA
D07_U1955,DI_Early,Early,DI_2016,C,U1955,DI,Central,D07,2016-05-14,2016,05,14,135,20,781,96,9.3,15.15,26.7,1.5,17403.6,727.88,0.03927922958468363,0.011045340818941844,none,50,1,Horsefly
D07_U1956,DI_Early,Early,DI_2016,C,U1956,DI,Central,D07,2016-05-14,2016,05,14,135,20,781,115,13.8,15.15,26.7,1.5,17403.6,727.88,0.03927922958468363,0.011045340818941844,none,50,1,Tachie
D07_U1957,DI_Early,Early,DI_2016,C,U1957,DI,Central,D07,2016-05-14,2016,05,14,135,20,781,113,14,15.15,26.7,1.5,17403.6,727.88,0.03927922958468363,0.011045340818941844,none,50,1,NA
D07_U1961,DI_Peak,Peak,DI_2016,B,U1961,DI,Central,D07,2016-05-26,2016,05,26,147,21,666,98,7.7,12.7,27.7,4,14121.880000000001,681.1038931319999,0.08637854635437647,0.004593723899613108,none,100,1,NA
D07_U1962,DI_Peak,Peak,DI_2016,B,U1962,DI,Central,D07,2016-05-26,2016,05,26,147,21,666,89,6.3,12.7,27.7,4,14121.880000000001,681.1038931319999,0.08637854635437647,0.004593723899613108,none,100,1,L_Shuswap
D07_U1982,DI_Peak,Peak,DI_2016,B,U1982,DI,Central,D07,2016-05-26,2016,05,26,147,21,666,95,7.5,12.7,27.7,4,14121.880000000001,681.1038931319999,0.08637854635437647,0.004593723899613108,none,100,1,L_Shuswap
D07_U2004,DI_Early,Early,DI_2016,C,U2004,DI,Central,D07,2016-05-14,2016,05,14,135,20,781,113,12.9,15.15,26.7,1.5,17403.6,727.88,0.03927922958468363,0.011045340818941844,none,50,1,Chilko
D07_U2005,DI_Early,Early,DI_2016,C,U2005,DI,Central,D07,2016-05-14,2016,05,14,135,20,781,116,11.6,15.15,26.7,1.5,17403.6,727.88,0.03927922958468363,0.011045340818941844,none,50,1,Nadina
D07_U2006,DI_Early,Early,DI_2016,C,U2006,DI,Central,D07,2016-05-14,2016,05,14,135,20,781,101,9.6,15.15,26.7,1.5,17403.6,727.88,0.03927922958468363,0.011045340818941844,none,50,1,NA
D07_U2007,DI_Early,Early,DI_2016,C,U2007,DI,Central,D07,2016-05-14,2016,05,14,135,20,781,126,17,15.15,26.7,1.5,17403.6,727.88,0.03927922958468363,0.011045340818941844,none,50,1,Stellako
D07_U2008,DI_Early,Early,DI_2016,C,U2008,DI,Central,D07,2016-05-14,2016,05,14,135,20,781,118,13.5,15.15,26.7,1.5,17403.6,727.88,0.03927922958468363,0.011045340818941844,none,50,1,NA
D07_U2009,DI_Early,Early,DI_2016,C,U2009,DI,Central,D07,2016-05-14,2016,05,14,135,20,781,88,5.6,15.15,26.7,1.5,17403.6,727.88,0.03927922958468363,0.011045340818941844,none,50,1,Horsefly
D07_U210,DI_Peak,Peak,DI_2015,C,U210,DI,Central,D07,2015-05-21,2015,05,21,141,21,780,98,10,15.649999999999999,27.8,4.2,2640.06,300.969519104,0.08429273547431496,0.006703085780932118,none,0,2,Chilko
D07_U216,DI_Peak,Peak,DI_2015,C,U216,DI,Central,D07,2015-05-21,2015,05,21,141,21,780,96,9.6,15.649999999999999,27.8,4.2,2640.06,300.969519104,0.08429273547431496,0.006703085780932118,none,0,2,Chilko
D07_U217,DI_Peak,Peak,DI_2015,C,U217,DI,Central,D07,2015-05-21,2015,05,21,141,21,780,100,10.6,15.649999999999999,27.8,4.2,2640.06,300.969519104,0.08429273547431496,0.006703085780932118,none,0,2,Thompson_N
D07_U219,DI_Late,Late,DI_2015,B,U219,DI,Central,D07,2015-06-05,2015,06,05,156,23,840,106,14.5,18.2,25.4,14.9,3846.81,1244.74400436,6.904170118751726e-5,0.2773584423441085,none,75,1,Chilko
D07_U220,DI_Late,Late,DI_2015,B,U220,DI,Central,D07,2015-06-05,2015,06,05,156,23,840,104,11.9,18.2,25.4,14.9,3846.81,1244.74400436,6.904170118751726e-5,0.2773584423441085,none,75,1,Scotch
D07_U222,DI_Late,Late,DI_2015,B,U222,DI,Central,D07,2015-06-05,2015,06,05,156,23,840,109,14,18.2,25.4,14.9,3846.81,1244.74400436,6.904170118751726e-5,0.2773584423441085,none,75,1,Chilko
D07_U233,DI_Peak,Peak,DI_2015,C,U233,DI,Central,D07,2015-05-21,2015,05,21,141,21,780,100,9,15.649999999999999,27.8,4.2,2640.06,300.969519104,0.08429273547431496,0.006703085780932118,none,0,2,Chilko
D07_U234,DI_Peak,Peak,DI_2015,C,U234,DI,Central,D07,2015-05-21,2015,05,21,141,21,780,103,8.6,15.649999999999999,27.8,4.2,2640.06,300.969519104,0.08429273547431496,0.006703085780932118,none,0,2,Quesnel_Horsef
D07_U235,DI_Peak,Peak,DI_2015,B,U235,DI,Central,D07,2015-05-21,2015,05,21,141,21,780,100,7.8,15.649999999999999,27.8,4.2,2640.06,300.969519104,0.08429273547431496,0.006703085780932118,none,0,2,NA
D07_U236,DI_Peak,Peak,DI_2015,C,U236,DI,Central,D07,2015-05-21,2015,05,21,141,21,780,98,11,15.649999999999999,27.8,4.2,2640.06,300.969519104,0.08429273547431496,0.006703085780932118,none,0,2,Chilko
D07_U237,DI_Late,Late,DI_2015,B,U237,DI,Central,D07,2015-06-05,2015,06,05,156,23,840,109,17.1,18.2,25.4,14.9,3846.81,1244.74400436,6.904170118751726e-5,0.2773584423441085,none,75,1,Chilko
D07_U238,DI_Late,Late,DI_2015,B,U238,DI,Central,D07,2015-06-05,2015,06,05,156,23,840,115,15.7,18.2,25.4,14.9,3846.81,1244.74400436,6.904170118751726e-5,0.2773584423441085,none,75,1,Paula
D07_U239,DI_Late,Late,DI_2015,B,U239,DI,Central,D07,2015-06-05,2015,06,05,156,23,840,104,15,18.2,25.4,14.9,3846.81,1244.74400436,6.904170118751726e-5,0.2773584423441085,none,75,1,L_Adams
D07_U241,DI_Peak,Peak,DI_2015,C,U241,DI,Central,D07,2015-05-21,2015,05,21,141,21,780,99,9.3,15.649999999999999,27.8,4.2,2640.06,300.969519104,0.08429273547431496,0.006703085780932118,none,0,2,Birkenhead
D07_U242,DI_Late,Late,DI_2015,A,U242,DI,Central,D07,2015-06-05,2015,06,05,156,23,840,119,19.3,18.2,25.4,14.9,3846.81,1244.74400436,6.904170118751726e-5,0.2773584423441085,none,75,1,Chilko
D07_U243,DI_Late,Late,DI_2015,A,U243,DI,Central,D07,2015-06-05,2015,06,05,156,23,840,109,16.2,18.2,25.4,14.9,3846.81,1244.74400436,6.904170118751726e-5,0.2773584423441085,none,75,1,Paula
D07_U244,DI_Late,Late,DI_2015,B,U244,DI,Central,D07,2015-06-05,2015,06,05,156,23,840,115,17.6,18.2,25.4,14.9,3846.81,1244.74400436,6.904170118751726e-5,0.2773584423441085,none,75,1,Paula
D07_U292,DI_Early,Early,DI_2015,C,U292,DI,Central,D07,2015-05-16,2015,05,16,136,20,750,128,22.5,14.100000000000001,27.35,5,2619.3599999999997,111.52225344200001,0.020723257506248614,0.012934190194770486,none,0,1,Pinchi_Cr
D07_U293,DI_Early,Early,DI_2015,C,U293,DI,Central,D07,2015-05-16,2015,05,16,136,20,750,95,10.8,14.100000000000001,27.35,5,2619.3599999999997,111.52225344200001,0.020723257506248614,0.012934190194770486,none,0,1,Chilko
D07_U294,DI_Early,Early,DI_2015,C,U294,DI,Central,D07,2015-05-16,2015,05,16,136,20,750,103,10.8,14.100000000000001,27.35,5,2619.3599999999997,111.52225344200001,0.020723257506248614,0.012934190194770486,none,0,1,Birkenhead
D07_U301,DI_Early,Early,DI_2015,A,U301,DI,Central,D07,2015-05-16,2015,05,16,136,20,750,116,16,14.100000000000001,27.35,5,2619.3599999999997,111.52225344200001,0.020723257506248614,0.012934190194770486,none,0,1,Pinchi_Cr
D07_U302,DI_Early,Early,DI_2015,B,U302,DI,Central,D07,2015-05-16,2015,05,16,136,20,750,100,9,14.100000000000001,27.35,5,2619.3599999999997,111.52225344200001,0.020723257506248614,0.012934190194770486,none,0,1,Weaver
D07_U303,DI_Early,Early,DI_2015,C,U303,DI,Central,D07,2015-05-16,2015,05,16,136,20,750,94,9.3,14.100000000000001,27.35,5,2619.3599999999997,111.52225344200001,0.020723257506248614,0.012934190194770486,none,0,1,Chilko
D07_U311,DI_Early,Early,DI_2015,C,U311,DI,Central,D07,2015-05-16,2015,05,16,136,20,750,104,12.7,14.100000000000001,27.35,5,2619.3599999999997,111.52225344200001,0.020723257506248614,0.012934190194770486,none,0,1,Chilko
D07_U312,DI_Early,Early,DI_2015,C,U312,DI,Central,D07,2015-05-16,2015,05,16,136,20,750,109,12.9,14.100000000000001,27.35,5,2619.3599999999997,111.52225344200001,0.020723257506248614,0.012934190194770486,none,0,1,Weaver
D07_U313,DI_Early,Early,DI_2015,C,U313,DI,Central,D07,2015-05-16,2015,05,16,136,20,750,99,10.6,14.100000000000001,27.35,5,2619.3599999999997,111.52225344200001,0.020723257506248614,0.012934190194770486,none,0,1,NA
D07_U866,DI_Late,Late,DI_2015,A,U866,DI,Central,D07,2015-06-13,2015,06,13,164,24,869,112,16.4,12.2,28.85,11.4,115.23,20.177036434999998,0.016940451745379878,0.02266038845046901,none,0,1,L_Adams
D07_U867,DI_Late,Late,DI_2015,A,U867,DI,Central,D07,2015-06-13,2015,06,13,164,24,869,101,11.5,12.2,28.85,11.4,115.23,20.177036434999998,0.016940451745379878,0.02266038845046901,none,0,1,Seymour
D07_U868,DI_Late,Late,DI_2015,A,U868,DI,Central,D07,2015-06-13,2015,06,13,164,24,869,119,18.3,12.2,28.85,11.4,115.23,20.177036434999998,0.016940451745379878,0.02266038845046901,none,0,1,L_Adams
D07_U869,DI_Late,Late,DI_2015,A,U869,DI,Central,D07,2015-06-13,2015,06,13,164,24,869,90,10.5,12.2,28.85,11.4,115.23,20.177036434999998,0.016940451745379878,0.02266038845046901,none,0,1,Quesnel_Mitche
D07_U870,DI_Late,Late,DI_2015,A,U870,DI,Central,D07,2015-06-13,2015,06,13,164,24,869,95,12,12.2,28.85,11.4,115.23,20.177036434999998,0.016940451745379878,0.02266038845046901,none,0,1,Quesnel_Mitche
D07_U876,DI_Late,Late,DI_2015,A,U876,DI,Central,D07,2015-06-09,2015,06,09,160,23,802,105,13.7,11.75,28.6,11.5,673.16,36.824370404,0.0430179320869897,0.03207810319743274,none,0,1,NA
D07_U877,DI_Late,Late,DI_2015,A,U877,DI,Central,D07,2015-06-09,2015,06,09,160,23,802,104,13.1,11.75,28.6,11.5,673.16,36.824370404,0.0430179320869897,0.03207810319743274,none,0,1,Seymour
D07_U881,DI_Late,Late,DI_2015,A,U881,DI,Central,D07,2015-06-13,2015,06,13,164,24,869,90,9.1,12.2,28.85,11.4,115.23,20.177036434999998,0.016940451745379878,0.02266038845046901,none,0,1,Seymour
D07_U882,DI_Late,Late,DI_2015,A,U882,DI,Central,D07,2015-06-13,2015,06,13,164,24,869,98,16.8,12.2,28.85,11.4,115.23,20.177036434999998,0.016940451745379878,0.02266038845046901,none,0,1,Pitt
D07_U883,DI_Late,Late,DI_2015,A,U883,DI,Central,D07,2015-06-13,2015,06,13,164,24,869,110,16.1,12.2,28.85,11.4,115.23,20.177036434999998,0.016940451745379878,0.02266038845046901,none,0,1,Seymour
D07_U884,DI_Late,Late,DI_2015,A,U884,DI,Central,D07,2015-06-13,2015,06,13,164,24,869,110,NA,12.2,28.85,11.4,115.23,20.177036434999998,0.016940451745379878,0.02266038845046901,none,0,1,NA
D07_U891,DI_Late,Late,DI_2015,A,U891,DI,Central,D07,2015-06-13,2015,06,13,164,24,869,105,13.5,12.2,28.85,11.4,115.23,20.177036434999998,0.016940451745379878,0.02266038845046901,none,0,1,L_Adams
D07_U907,DI_Late,Late,DI_2015,A,U907,DI,Central,D07,2015-06-09,2015,06,09,160,23,802,113,16.2,11.75,28.6,11.5,673.16,36.824370404,0.0430179320869897,0.03207810319743274,none,0,1,L_Adams
D07_U908,DI_Late,Late,DI_2015,A,U908,DI,Central,D07,2015-06-09,2015,06,09,160,23,802,107,14.3,11.75,28.6,11.5,673.16,36.824370404,0.0430179320869897,0.03207810319743274,none,0,1,Quesnel_Mitche
D07_U909,DI_Late,Late,DI_2015,A,U909,DI,Central,D07,2015-06-09,2015,06,09,160,23,802,107,14.2,11.75,28.6,11.5,673.16,36.824370404,0.0430179320869897,0.03207810319743274,none,0,1,Chilko
D07_U910,DI_Late,Late,DI_2015,A,U910,DI,Central,D07,2015-06-09,2015,06,09,160,23,802,105,17.1,11.75,28.6,11.5,673.16,36.824370404,0.0430179320869897,0.03207810319743274,none,0,1,Seymour
D07_U914,DI_Late,Late,DI_2015,A,U914,DI,Central,D07,2015-06-09,2015,06,09,160,23,802,114,13.2,11.75,28.6,11.5,673.16,36.824370404,0.0430179320869897,0.03207810319743274,none,0,1,NA
D07_U915,DI_Late,Late,DI_2015,A,U915,DI,Central,D07,2015-06-09,2015,06,09,160,23,802,106,12.2,11.75,28.6,11.5,673.16,36.824370404,0.0430179320869897,0.03207810319743274,none,0,1,Seymour
D08_U4762,DI_Late,Late,DI_2015,B,U4762,DI,East,D08,2015-06-04,2015,06,04,155,23,383,110,14.2,16.75,19.25,11.5,1688.89,205.01509392,5.5862800960840175e-5,0.018867924531983164,none,0,1,NA
D08_U4763,DI_Late,Late,DI_2015,C,U4763,DI,East,D08,2015-06-04,2015,06,04,155,23,383,103,10.7,16.75,19.25,11.5,1688.89,205.01509392,5.5862800960840175e-5,0.018867924531983164,none,0,1,NA
D08_U4764,DI_Late,Late,DI_2015,B,U4764,DI,East,D08,2015-06-04,2015,06,04,155,23,383,106,11.6,16.75,19.25,11.5,1688.89,205.01509392,5.5862800960840175e-5,0.018867924531983164,none,0,1,NA
D08_U4765,DI_Late,Late,DI_2015,B,U4765,DI,East,D08,2015-06-04,2015,06,04,155,23,383,113,14.8,16.75,19.25,11.5,1688.89,205.01509392,5.5862800960840175e-5,0.018867924531983164,none,0,1,NA
D08_U4766,DI_Late,Late,DI_2015,B,U4766,DI,East,D08,2015-06-04,2015,06,04,155,23,383,97,9.6,16.75,19.25,11.5,1688.89,205.01509392,5.5862800960840175e-5,0.018867924531983164,none,0,1,NA
D08_U4768,DI_Late,Late,DI_2015,B,U4768,DI,East,D08,2015-06-04,2015,06,04,155,23,383,107,11.9,16.75,19.25,11.5,1688.89,205.01509392,5.5862800960840175e-5,0.018867924531983164,none,0,1,NA
D08_U4771,DI_Late,Late,DI_2015,D,U4771,DI,East,D08,2015-06-04,2015,06,04,155,23,383,89,6,16.75,19.25,11.5,1688.89,205.01509392,5.5862800960840175e-5,0.018867924531983164,none,0,1,NA
D09_U759,DI_Late,Late,DI_2015,B,U759,DI,Central,D09,2015-06-05,2015,06,05,156,23,659,129,20.7,11.8,28.4,13.3,567.42,46.815019664,0.025585379782981154,0.053994185245291926,none,0,0,Chilko
D09_U760,DI_Late,Late,DI_2015,B,U760,DI,Central,D09,2015-06-05,2015,06,05,156,23,659,110,11.6,11.8,28.4,13.3,567.42,46.815019664,0.025585379782981154,0.053994185245291926,none,0,0,L_Adams
D09_U817,DI_Late,Late,DI_2015,B,U817,DI,Central,D09,2015-06-05,2015,06,05,156,23,659,115,15.1,11.8,28.4,13.3,567.42,46.815019664,0.025585379782981154,0.053994185245291926,none,0,0,L_Adams
D09_U818,DI_Late,Late,DI_2015,B,U818,DI,Central,D09,2015-06-05,2015,06,05,156,23,659,115,14.4,11.8,28.4,13.3,567.42,46.815019664,0.025585379782981154,0.053994185245291926,none,0,0,L_Adams
D09_U819,DI_Late,Late,DI_2015,B,U819,DI,Central,D09,2015-06-05,2015,06,05,156,23,659,109,11.1,11.8,28.4,13.3,567.42,46.815019664,0.025585379782981154,0.053994185245291926,none,0,0,Tachie
D09_U820,DI_Late,Late,DI_2015,B,U820,DI,Central,D09,2015-06-05,2015,06,05,156,23,659,114,14.9,11.8,28.4,13.3,567.42,46.815019664,0.025585379782981154,0.053994185245291926,none,0,0,L_Adams
D09_U832,DI_Late,Late,DI_2015,B,U832,DI,Central,D09,2015-06-05,2015,06,05,156,23,659,125,17.2,11.8,28.4,13.3,567.42,46.815019664,0.025585379782981154,0.053994185245291926,none,0,0,L_Adams
D09_U833,DI_Late,Late,DI_2015,B,U833,DI,Central,D09,2015-06-05,2015,06,05,156,23,659,115,14.7,11.8,28.4,13.3,567.42,46.815019664,0.025585379782981154,0.053994185245291926,none,0,0,Chilko
D09_U834,DI_Late,Late,DI_2015,B,U834,DI,Central,D09,2015-06-05,2015,06,05,156,23,659,116,15.2,11.8,28.4,13.3,567.42,46.815019664,0.025585379782981154,0.053994185245291926,none,0,0,NA
D10_U1000,DI_Late,Late,DI_2015,A,U1000,DI,East,D10,2015-06-05,2015,06,05,156,23,420,97,8.5,10.649999999999999,28.4,13.2,2158.78,319.34157214600003,0.10534269432988068,0.7745189851853057,none,25,1,L_Adams
D10_U1005,DI_Late,Late,DI_2015,A,U1005,DI,East,D10,2015-06-05,2015,06,05,156,23,420,105,13.3,10.649999999999999,28.4,13.2,2158.78,319.34157214600003,0.10534269432988068,0.7745189851853057,none,25,1,L_Adams
D10_U1006,DI_Late,Late,DI_2015,B,U1006,DI,East,D10,2015-06-05,2015,06,05,156,23,420,101,12.1,10.649999999999999,28.4,13.2,2158.78,319.34157214600003,0.10534269432988068,0.7745189851853057,none,25,1,Mitchell
D10_U1007,DI_Late,Late,DI_2015,B,U1007,DI,East,D10,2015-06-05,2015,06,05,156,23,420,97,8.5,10.649999999999999,28.4,13.2,2158.78,319.34157214600003,0.10534269432988068,0.7745189851853057,none,25,1,L_Adams
D10_U1013,DI_Late,Late,DI_2015,B,U1013,DI,East,D10,2015-06-05,2015,06,05,156,23,420,120,22.3,10.649999999999999,28.4,13.2,2158.78,319.34157214600003,0.10534269432988068,0.7745189851853057,none,25,1,Mitchell
D10_U1014,DI_Late,Late,DI_2015,B,U1014,DI,East,D10,2015-06-05,2015,06,05,156,23,420,NA,14,10.649999999999999,28.4,13.2,2158.78,319.34157214600003,0.10534269432988068,0.7745189851853057,none,25,1,Chilko
D10_U947,DI_Late,Late,DI_2015,B,U947,DI,East,D10,2015-06-05,2015,06,05,156,23,420,118,14.3,10.649999999999999,28.4,13.2,2158.78,319.34157214600003,0.10534269432988068,0.7745189851853057,none,25,1,Chilko
D10_U948,DI_Late,Late,DI_2015,B,U948,DI,East,D10,2015-06-05,2015,06,05,156,23,420,123,14.4,10.649999999999999,28.4,13.2,2158.78,319.34157214600003,0.10534269432988068,0.7745189851853057,none,25,1,Scotch
D10_U949,DI_Late,Late,DI_2015,B,U949,DI,East,D10,2015-06-05,2015,06,05,156,23,420,104,9.2,10.649999999999999,28.4,13.2,2158.78,319.34157214600003,0.10534269432988068,0.7745189851853057,none,25,1,NA
D10_U999,DI_Late,Late,DI_2015,A,U999,DI,East,D10,2015-06-05,2015,06,05,156,23,420,100,12.6,10.649999999999999,28.4,13.2,2158.78,319.34157214600003,0.10534269432988068,0.7745189851853057,none,25,1,Mitchell
D11_U487,DI_Peak,Peak,DI_2015,D,U487,DI,West,D11,2015-06-01,2015,06,01,152,22,572,121,17.1,11,28.95,12.6,2027.92,257.558470351,2.33546639263861e-4,0.0070768772365980845,none,75,2,Tachie
D11_U488,DI_Peak,Peak,DI_2015,B,U488,DI,West,D11,2015-06-01,2015,06,01,152,22,572,109,8,11,28.95,12.6,2027.92,257.558470351,2.33546639263861e-4,0.0070768772365980845,none,75,2,L_Adams
D11_U489,DI_Peak,Peak,DI_2015,B,U489,DI,West,D11,2015-06-01,2015,06,01,152,22,572,91,7.6,11,28.95,12.6,2027.92,257.558470351,2.33546639263861e-4,0.0070768772365980845,none,75,2,Mitchell
D11_U490,DI_Peak,Peak,DI_2015,B,U490,DI,West,D11,2015-06-01,2015,06,01,152,22,572,93,8.9,11,28.95,12.6,2027.92,257.558470351,2.33546639263861e-4,0.0070768772365980845,none,75,2,Chilko
D11_U498,DI_Peak,Peak,DI_2015,B,U498,DI,West,D11,2015-06-01,2015,06,01,152,22,572,104,14.3,11,28.95,12.6,2027.92,257.558470351,2.33546639263861e-4,0.0070768772365980845,none,75,2,NA
D11_U500,DI_Peak,Peak,DI_2015,B,U500,DI,West,D11,2015-06-01,2015,06,01,152,22,572,110,15.1,11,28.95,12.6,2027.92,257.558470351,2.33546639263861e-4,0.0070768772365980845,none,75,2,NA
D11_U501,DI_Peak,Peak,DI_2015,B,U501,DI,West,D11,2015-06-01,2015,06,01,152,22,572,96,8.8,11,28.95,12.6,2027.92,257.558470351,2.33546639263861e-4,0.0070768772365980845,none,75,2,NA
D11_U502,DI_Peak,Peak,DI_2015,B,U502,DI,West,D11,2015-06-01,2015,06,01,152,22,572,115,15.2,11,28.95,12.6,2027.92,257.558470351,2.33546639263861e-4,0.0070768772365980845,none,75,2,Paula
D11_U511,DI_Peak,Peak,DI_2015,B,U511,DI,West,D11,2015-06-01,2015,06,01,152,22,572,99,10.1,11,28.95,12.6,2027.92,257.558470351,2.33546639263861e-4,0.0070768772365980845,none,75,2,Scotch
D11_U512,DI_Peak,Peak,DI_2015,B,U512,DI,West,D11,2015-06-01,2015,06,01,152,22,572,98,10.6,11,28.95,12.6,2027.92,257.558470351,2.33546639263861e-4,0.0070768772365980845,none,75,2,Chilko
J02_U1239,JS_Late,Late,JS_2015,A,U1239,JS,North,J02,2015-06-09,2015,06,09,160,23,420,111,14.4,9.5,29.1,9.1,1252.01,166.87657419800001,0.05223463687150838,0.200838281580697,none,100,1,Mitchell
J02_U1240,JS_Late,Late,JS_2015,A,U1240,JS,North,J02,2015-06-09,2015,06,09,160,23,420,117,17.9,9.5,29.1,9.1,1252.01,166.87657419800001,0.05223463687150838,0.200838281580697,none,100,1,Narrows
J02_U1268,JS_Late,Late,JS_2015,A,U1268,JS,North,J02,2015-06-09,2015,06,09,160,23,420,110,15.2,9.5,29.1,9.1,1252.01,166.87657419800001,0.05223463687150838,0.200838281580697,none,100,1,Scotch
J02_U1269,JS_Late,Late,JS_2015,A,U1269,JS,North,J02,2015-06-09,2015,06,09,160,23,420,103,13.6,9.5,29.1,9.1,1252.01,166.87657419800001,0.05223463687150838,0.200838281580697,none,100,1,Chilko
J02_U1277,JS_Late,Late,JS_2015,A,U1277,JS,North,J02,2015-06-09,2015,06,09,160,23,420,118,20.2,9.5,29.1,9.1,1252.01,166.87657419800001,0.05223463687150838,0.200838281580697,none,100,1,NA
J02_U1278,JS_Late,Late,JS_2015,A,U1278,JS,North,J02,2015-06-09,2015,06,09,160,23,420,99,14.2,9.5,29.1,9.1,1252.01,166.87657419800001,0.05223463687150838,0.200838281580697,none,100,1,Stellako
J02_U1279,JS_Late,Late,JS_2015,A,U1279,JS,North,J02,2015-06-09,2015,06,09,160,23,420,101,11.8,9.5,29.1,9.1,1252.01,166.87657419800001,0.05223463687150838,0.200838281580697,none,100,1,Birkenhead
J02_U1280,JS_Late,Late,JS_2015,A,U1280,JS,North,J02,2015-06-09,2015,06,09,160,23,420,114,17.8,9.5,29.1,9.1,1252.01,166.87657419800001,0.05223463687150838,0.200838281580697,none,100,1,Scotch
J02_U1287,JS_Late,Late,JS_2015,A,U1287,JS,North,J02,2015-06-09,2015,06,09,160,23,420,113,16.6,9.5,29.1,9.1,1252.01,166.87657419800001,0.05223463687150838,0.200838281580697,none,100,1,Stellako
J02_U1291,JS_Late,Late,JS_2015,A,U1291,JS,North,J02,2015-06-09,2015,06,09,160,23,420,104,12.1,9.5,29.1,9.1,1252.01,166.87657419800001,0.05223463687150838,0.200838281580697,none,100,1,Mitchell
J04_U1228,JS_Late,Late,JS_2015,A,U1228,JS,North,J04,2015-06-08,2015,06,08,159,23,365,107,12.4,9.95,28.75,13.2,735.91,143.48795318,0.05609804309152006,0.5014699620792236,light,100,1,Chilko
J04_U1229,JS_Late,Late,JS_2015,A,U1229,JS,North,J04,2015-06-08,2015,06,08,159,23,365,115,16.4,9.95,28.75,13.2,735.91,143.48795318,0.05609804309152006,0.5014699620792236,light,100,1,Quesnel_Horsef
J04_U1230,JS_Late,Late,JS_2015,A,U1230,JS,North,J04,2015-06-08,2015,06,08,159,23,365,114,16.8,9.95,28.75,13.2,735.91,143.48795318,0.05609804309152006,0.5014699620792236,light,100,1,Narrows
J04_U1244,JS_Late,Late,JS_2015,B,U1244,JS,North,J04,2015-06-08,2015,06,08,159,23,365,108,13.9,9.95,28.75,13.2,735.91,143.48795318,0.05609804309152006,0.5014699620792236,light,100,1,Quesnel_Horsef
J04_U1245,JS_Late,Late,JS_2015,A,U1245,JS,North,J04,2015-06-08,2015,06,08,159,23,365,108,13.4,9.95,28.75,13.2,735.91,143.48795318,0.05609804309152006,0.5014699620792236,light,100,1,NA
J04_U1246,JS_Late,Late,JS_2015,A,U1246,JS,North,J04,2015-06-08,2015,06,08,159,23,365,106,14.2,9.95,28.75,13.2,735.91,143.48795318,0.05609804309152006,0.5014699620792236,light,100,1,NA
J04_U1256,JS_Late,Late,JS_2015,A,U1256,JS,North,J04,2015-06-08,2015,06,08,159,23,365,112,16.3,9.95,28.75,13.2,735.91,143.48795318,0.05609804309152006,0.5014699620792236,light,100,1,Quesnel_Horsef
J04_U1257,JS_Late,Late,JS_2015,A,U1257,JS,North,J04,2015-06-08,2015,06,08,159,23,365,112,15.9,9.95,28.75,13.2,735.91,143.48795318,0.05609804309152006,0.5014699620792236,light,100,1,L_Shuswap
J04_U1261,JS_Late,Late,JS_2015,A,U1261,JS,North,J04,2015-06-08,2015,06,08,159,23,365,115,18.6,9.95,28.75,13.2,735.91,143.48795318,0.05609804309152006,0.5014699620792236,light,100,1,Chilko
J04_U1262,JS_Late,Late,JS_2015,A,U1262,JS,North,J04,2015-06-08,2015,06,08,159,23,365,110,15.7,9.95,28.75,13.2,735.91,143.48795318,0.05609804309152006,0.5014699620792236,light,100,1,Gates_Cr
J06_U944,JS_Peak,Peak,JS_2015,A,U944,JS,North,J06,2015-06-07,2015,06,07,158,23,305,111,11.6,9.850000000000001,28.55,12.2,721.12,106.386588316,0.05436019191769303,0.3333333333599331,none,0,2,NA
J06_U945,JS_Peak,Peak,JS_2015,A,U945,JS,North,J06,2015-06-07,2015,06,07,158,23,305,123,15.8,9.850000000000001,28.55,12.2,721.12,106.386588316,0.05436019191769303,0.3333333333599331,none,0,2,NA
J06_U956,JS_Peak,Peak,JS_2015,A,U956,JS,North,J06,2015-06-07,2015,06,07,158,23,305,98,13,9.850000000000001,28.55,12.2,721.12,106.386588316,0.05436019191769303,0.3333333333599331,none,0,2,Quesnel_Mitche
J06_U957,JS_Peak,Peak,JS_2015,A,U957,JS,North,J06,2015-06-07,2015,06,07,158,23,305,123,15.8,9.850000000000001,28.55,12.2,721.12,106.386588316,0.05436019191769303,0.3333333333599331,none,0,2,NA
J06_U969,JS_Peak,Peak,JS_2015,A,U969,JS,North,J06,2015-06-07,2015,06,07,158,23,305,105,13,9.850000000000001,28.55,12.2,721.12,106.386588316,0.05436019191769303,0.3333333333599331,none,0,2,Chilko
J06_U970,JS_Peak,Peak,JS_2015,A,U970,JS,North,J06,2015-06-07,2015,06,07,158,23,305,107,10.2,9.850000000000001,28.55,12.2,721.12,106.386588316,0.05436019191769303,0.3333333333599331,none,0,2,Gates_Cr
J06_U982,JS_Peak,Peak,JS_2015,B,U982,JS,North,J06,2015-06-07,2015,06,07,158,23,305,115,15.6,9.850000000000001,28.55,12.2,721.12,106.386588316,0.05436019191769303,0.3333333333599331,none,0,2,NA
J06_U983,JS_Peak,Peak,JS_2015,A,U983,JS,North,J06,2015-06-07,2015,06,07,158,23,305,105,10.6,9.850000000000001,28.55,12.2,721.12,106.386588316,0.05436019191769303,0.3333333333599331,none,0,2,NA
J06_U984,JS_Peak,Peak,JS_2015,A,U984,JS,North,J06,2015-06-07,2015,06,07,158,23,305,111,12,9.850000000000001,28.55,12.2,721.12,106.386588316,0.05436019191769303,0.3333333333599331,none,0,2,NA
J06_U991,JS_Peak,Peak,JS_2015,A,U991,JS,North,J06,2015-06-07,2015,06,07,158,23,305,113,12.3,9.850000000000001,28.55,12.2,721.12,106.386588316,0.05436019191769303,0.3333333333599331,none,0,2,NA
J07_U1155,JS_Late,Late,JS_2015,A,U1155,JS,South,J07,2015-06-20,2015,06,20,171,25,930,115,17.2,11.05,28.85,NA,1075.77,424.809541517,0.023262131965904848,0.13925205233626672,none,25,1,Birkenhead
J07_U1156,JS_Late,Late,JS_2015,A,U1156,JS,South,J07,2015-06-20,2015,06,20,171,25,930,106,13.3,11.05,28.85,NA,1075.77,424.809541517,0.023262131965904848,0.13925205233626672,none,25,1,Phillips
J07_U1157,JS_Late,Late,JS_2015,A,U1157,JS,South,J07,2015-06-20,2015,06,20,171,25,930,106,15.1,11.05,28.85,NA,1075.77,424.809541517,0.023262131965904848,0.13925205233626672,none,25,1,Chilko_south
J07_U1160,JS_Late,Late,JS_2015,A,U1160,JS,South,J07,2015-06-20,2015,06,20,171,25,930,121,20.4,11.05,28.85,NA,1075.77,424.809541517,0.023262131965904848,0.13925205233626672,none,25,1,Quesnel_Mitche
J07_U1164,JS_Late,Late,JS_2015,A,U1164,JS,South,J07,2015-06-20,2015,06,20,171,25,930,115,19,11.05,28.85,NA,1075.77,424.809541517,0.023262131965904848,0.13925205233626672,none,25,1,Wasko_Cr
J07_U1168,JS_Late,Late,JS_2015,A,U1168,JS,South,J07,2015-06-20,2015,06,20,171,25,930,115,13.8,11.05,28.85,NA,1075.77,424.809541517,0.023262131965904848,0.13925205233626672,none,25,1,Quesnel_Mitche
J07_U1169,JS_Late,Late,JS_2015,A,U1169,JS,South,J07,2015-06-20,2015,06,20,171,25,930,126,20.2,11.05,28.85,NA,1075.77,424.809541517,0.023262131965904848,0.13925205233626672,none,25,1,NA
J07_U1173,JS_Late,Late,JS_2015,A,U1173,JS,South,J07,2015-06-20,2015,06,20,171,25,930,120,18.6,11.05,28.85,NA,1075.77,424.809541517,0.023262131965904848,0.13925205233626672,none,25,1,Scotch
J07_U1184,JS_Early,Early,JS_2015,B,U1184,JS,South,J07,2015-05-26,2015,05,26,146,21,345,99,10.5,9.9,28.5,15.5,981.9200000000001,67.017674055,2.7275561097256856e-4,0.020428015574386164,none,100,2,Mitchell
J07_U1191,JS_Late,Late,JS_2015,A,U1191,JS,South,J07,2015-06-20,2015,06,20,171,25,930,128,23,11.05,28.85,NA,1075.77,424.809541517,0.023262131965904848,0.13925205233626672,none,25,1,Chilko_south
J07_U1193,JS_Late,Late,JS_2015,A,U1193,JS,South,J07,2015-06-20,2015,06,20,171,25,930,110,14.5,11.05,28.85,NA,1075.77,424.809541517,0.023262131965904848,0.13925205233626672,none,25,1,Blackwater
J07_U1422,JS_Late,Late,JS_2016,A,U1422,JS,South,J07,2016-06-20,2016,06,20,172,25,347,111,15,10.3,30.549999999999997,12.5,1034.18,1021.6519075069999,0.024697710316439414,0.14922894420970823,none,0,0,NA
J07_U1423,JS_Late,Late,JS_2016,A,U1423,JS,South,J07,2016-06-20,2016,06,20,172,25,347,112,12.9,10.3,30.549999999999997,12.5,1034.18,1021.6519075069999,0.024697710316439414,0.14922894420970823,none,0,0,NA
J07_U1424,JS_Late,Late,JS_2016,A,U1424,JS,South,J07,2016-06-20,2016,06,20,172,25,347,128,14.5,10.3,30.549999999999997,12.5,1034.18,1021.6519075069999,0.024697710316439414,0.14922894420970823,none,0,0,NA
J07_U1441,JS_Late,Late,JS_2016,A,U1441,JS,South,J07,2016-06-20,2016,06,20,172,25,347,114,11.2,10.3,30.549999999999997,12.5,1034.18,1021.6519075069999,0.024697710316439414,0.14922894420970823,none,0,0,NA
J07_U1465,JS_Peak,Peak,JS_2016,A,U1465,JS,South,J07,2016-06-11,2016,06,11,163,24,527,117,10.8,10,30.8,12.5,445.09000000000003,92.502752201,0.023993144815766924,0.17793376041260478,none,100,1,L_Shuswap
J07_U1466,JS_Peak,Peak,JS_2016,A,U1466,JS,South,J07,2016-06-11,2016,06,11,163,24,527,121,12.3,10,30.8,12.5,445.09000000000003,92.502752201,0.023993144815766924,0.17793376041260478,none,100,1,Quesnel_Horsef
J07_U1467,JS_Peak,Peak,JS_2016,A,U1467,JS,South,J07,2016-06-11,2016,06,11,163,24,527,125,14.4,10,30.8,12.5,445.09000000000003,92.502752201,0.023993144815766924,0.17793376041260478,none,100,1,Hudson_Bay
J07_U1468,JS_Peak,Peak,JS_2016,A,U1468,JS,South,J07,2016-06-11,2016,06,11,163,24,527,115,10.9,10,30.8,12.5,445.09000000000003,92.502752201,0.023993144815766924,0.17793376041260478,none,100,1,L_Adams
J07_U1469,JS_Peak,Peak,JS_2016,A,U1469,JS,South,J07,2016-06-11,2016,06,11,163,24,527,106,9.3,10,30.8,12.5,445.09000000000003,92.502752201,0.023993144815766924,0.17793376041260478,none,100,1,Chilko
J07_U1499,JS_Peak,Peak,JS_2016,A,U1499,JS,South,J07,2016-06-11,2016,06,11,163,24,527,101,11.6,10,30.8,12.5,445.09000000000003,92.502752201,0.023993144815766924,0.17793376041260478,none,100,1,Quesnel_Horsef
J07_U1500,JS_Peak,Peak,JS_2016,A,U1500,JS,South,J07,2016-06-11,2016,06,11,163,24,527,97,10.1,10,30.8,12.5,445.09000000000003,92.502752201,0.023993144815766924,0.17793376041260478,none,100,1,L_Shuswap
J07_U1501,JS_Peak,Peak,JS_2016,A,U1501,JS,South,J07,2016-06-11,2016,06,11,163,24,527,102,11.8,10,30.8,12.5,445.09000000000003,92.502752201,0.023993144815766924,0.17793376041260478,none,100,1,NA
J07_U1502,JS_Peak,Peak,JS_2016,A,U1502,JS,South,J07,2016-06-11,2016,06,11,163,24,527,94,8.4,10,30.8,12.5,445.09000000000003,92.502752201,0.023993144815766924,0.17793376041260478,none,100,1,NA
J07_U1503,JS_Peak,Peak,JS_2016,A,U1503,JS,South,J07,2016-06-11,2016,06,11,163,24,527,102,10.4,10,30.8,12.5,445.09000000000003,92.502752201,0.023993144815766924,0.17793376041260478,none,100,1,NA
J07_U1638,JS_Early,Early,JS_2016,A,U1638,JS,South,J07,2016-05-27,2016,05,27,148,22,475,99,7.7,10,31.4,8,8065.03,364.247646027,0.004423355316068843,0.018846085353949427,none,50,3,NA
J07_U1639,JS_Early,Early,JS_2016,A,U1639,JS,South,J07,2016-05-27,2016,05,27,148,22,475,98,7.1,10,31.4,8,8065.03,364.247646027,0.004423355316068843,0.018846085353949427,none,50,3,NA
J07_U1640,JS_Early,Early,JS_2016,A,U1640,JS,South,J07,2016-05-27,2016,05,27,148,22,475,90,5.9,10,31.4,8,8065.03,364.247646027,0.004423355316068843,0.018846085353949427,none,50,3,L_Shuswap
J07_U1646,JS_Early,Early,JS_2016,C,U1646,JS,South,J07,2016-05-27,2016,05,27,148,22,475,90,6.8,10,31.4,8,8065.03,364.247646027,0.004423355316068843,0.018846085353949427,none,50,3,Scotch
J07_U1647,JS_Early,Early,JS_2016,A,U1647,JS,South,J07,2016-05-27,2016,05,27,148,22,475,88,7.1,10,31.4,8,8065.03,364.247646027,0.004423355316068843,0.018846085353949427,none,50,3,NA
J07_U1648,JS_Early,Early,JS_2016,A,U1648,JS,South,J07,2016-05-27,2016,05,27,148,22,475,92,7.3,10,31.4,8,8065.03,364.247646027,0.004423355316068843,0.018846085353949427,none,50,3,L_Shuswap
J07_U1649,JS_Early,Early,JS_2016,A,U1649,JS,South,J07,2016-05-27,2016,05,27,148,22,475,90,7.7,10,31.4,8,8065.03,364.247646027,0.004423355316068843,0.018846085353949427,none,50,3,Chilko
J07_U1651,JS_Early,Early,JS_2016,B,U1651,JS,South,J07,2016-05-27,2016,05,27,148,22,475,85,7.2,10,31.4,8,8065.03,364.247646027,0.004423355316068843,0.018846085353949427,none,50,3,Chilko
J07_U1652,JS_Early,Early,JS_2016,A,U1652,JS,South,J07,2016-05-27,2016,05,27,148,22,475,94,7.9,10,31.4,8,8065.03,364.247646027,0.004423355316068843,0.018846085353949427,none,50,3,Quesnel_Horsef
J07_U1653,JS_Early,Early,JS_2016,A,U1653,JS,South,J07,2016-05-27,2016,05,27,148,22,475,88,7.8,10,31.4,8,8065.03,364.247646027,0.004423355316068843,0.018846085353949427,none,50,3,Quesnel_Horsef
J07_U2029,JS_Late,Late,JS_2016,A,U2029,JS,South,J07,2016-06-20,2016,06,20,172,25,347,114,16.9,10.3,30.549999999999997,12.5,1034.18,1021.6519075069999,0.024697710316439414,0.14922894420970823,none,0,0,Horsefly
J07_U2091,JS_Late,Late,JS_2016,A,U2091,JS,South,J07,2016-06-20,2016,06,20,172,25,347,113,13.1,10.3,30.549999999999997,12.5,1034.18,1021.6519075069999,0.024697710316439414,0.14922894420970823,none,0,0,Little
J07_U2092,JS_Late,Late,JS_2016,A,U2092,JS,South,J07,2016-06-20,2016,06,20,172,25,347,108,13.2,10.3,30.549999999999997,12.5,1034.18,1021.6519075069999,0.024697710316439414,0.14922894420970823,none,0,0,L_Shuswap
J07_U2093,JS_Late,Late,JS_2016,A,U2093,JS,South,J07,2016-06-20,2016,06,20,172,25,347,115,15.2,10.3,30.549999999999997,12.5,1034.18,1021.6519075069999,0.024697710316439414,0.14922894420970823,none,0,0,L_Shuswap
J07_U2094,JS_Late,Late,JS_2016,A,U2094,JS,South,J07,2016-06-20,2016,06,20,172,25,347,119,14.9,10.3,30.549999999999997,12.5,1034.18,1021.6519075069999,0.024697710316439414,0.14922894420970823,none,0,0,NA
J07_U2095,JS_Late,Late,JS_2016,A,U2095,JS,South,J07,2016-06-20,2016,06,20,172,25,347,103,10.6,10.3,30.549999999999997,12.5,1034.18,1021.6519075069999,0.024697710316439414,0.14922894420970823,none,0,0,NA
J07_U2159,JS_Early,Early,JS_2016,A,U2159,JS,South,J07,2016-05-21,2016,05,21,142,21,538,NA,11.7,10,29.2,NA,NA,NA,NA,NA,none,0,1,NA
J07_U2160,JS_Early,Early,JS_2016,A,U2160,JS,South,J07,2016-05-21,2016,05,21,142,21,538,NA,8.7,10,29.2,NA,NA,NA,NA,NA,none,0,1,NA
J07_U2261,JS_Early,Early,JS_2016,A,U2261,JS,South,J07,2016-05-21,2016,05,21,142,21,538,NA,12.7,10,29.2,NA,NA,NA,NA,NA,none,0,1,NA
J07_U2262,JS_Early,Early,JS_2016,A,U2262,JS,South,J07,2016-05-21,2016,05,21,142,21,538,NA,9.2,10,29.2,NA,NA,NA,NA,NA,none,0,1,NA
J07_U2300,JS_Peak,Peak,JS_2016,A,U2300,JS,South,J07,2016-06-03,2016,06,03,155,23,982,101,9.2,10.149999999999999,31.5,12,409.40999999999997,894.038994558,0.016203443231686734,0.004309340786987253,none,100,2,L_Shuswap
J07_U2411,JS_Peak,Peak,JS_2016,A,U2411,JS,South,J07,2016-06-03,2016,06,03,155,23,982,97,9.2,10.149999999999999,31.5,12,409.40999999999997,894.038994558,0.016203443231686734,0.004309340786987253,none,100,2,Seymour
J07_U2412,JS_Peak,Peak,JS_2016,A,U2412,JS,South,J07,2016-06-03,2016,06,03,155,23,982,111,13.8,10.149999999999999,31.5,12,409.40999999999997,894.038994558,0.016203443231686734,0.004309340786987253,none,100,2,NA
J07_U2413,JS_Peak,Peak,JS_2016,A,U2413,JS,South,J07,2016-06-03,2016,06,03,155,23,982,98,9.2,10.149999999999999,31.5,12,409.40999999999997,894.038994558,0.016203443231686734,0.004309340786987253,none,100,2,L_Adams
J07_U2414,JS_Peak,Peak,JS_2016,A,U2414,JS,South,J07,2016-06-03,2016,06,03,155,23,982,102,9.4,10.149999999999999,31.5,12,409.40999999999997,894.038994558,0.016203443231686734,0.004309340786987253,none,100,2,NA
J07_U2415,JS_Peak,Peak,JS_2016,A,U2415,JS,South,J07,2016-06-03,2016,06,03,155,23,982,96,7.9,10.149999999999999,31.5,12,409.40999999999997,894.038994558,0.016203443231686734,0.004309340786987253,none,100,2,L_Adams
J07_U2416,JS_Peak,Peak,JS_2016,A,U2416,JS,South,J07,2016-06-03,2016,06,03,155,23,982,106,10.7,10.149999999999999,31.5,12,409.40999999999997,894.038994558,0.016203443231686734,0.004309340786987253,none,100,2,Mitchell
J07_U2417,JS_Peak,Peak,JS_2016,B,U2417,JS,South,J07,2016-06-03,2016,06,03,155,23,982,90,7.2,10.149999999999999,31.5,12,409.40999999999997,894.038994558,0.016203443231686734,0.004309340786987253,none,100,2,Quesnel_Horsef
J07_U2418,JS_Peak,Peak,JS_2016,A,U2418,JS,South,J07,2016-06-03,2016,06,03,155,23,982,111,11.8,10.149999999999999,31.5,12,409.40999999999997,894.038994558,0.016203443231686734,0.004309340786987253,none,100,2,L_Adams
J07_U2419,JS_Peak,Peak,JS_2016,A,U2419,JS,South,J07,2016-06-03,2016,06,03,155,23,982,95,8,10.149999999999999,31.5,12,409.40999999999997,894.038994558,0.016203443231686734,0.004309340786987253,none,100,2,L_Shuswap
J07_U2430,JS_Early,Early,JS_2016,A,U2430,JS,South,J07,2016-05-21,2016,05,21,142,21,538,NA,8.9,10,29.2,NA,NA,NA,NA,NA,none,0,1,Seymour
J07_U2431,JS_Early,Early,JS_2016,A,U2431,JS,South,J07,2016-05-21,2016,05,21,142,21,538,118,14.3,10,29.2,NA,NA,NA,NA,NA,none,0,1,Stellako
J07_U2432,JS_Early,Early,JS_2016,A,U2432,JS,South,J07,2016-05-21,2016,05,21,142,21,538,92,7.7,10,29.2,NA,NA,NA,NA,NA,none,0,1,NA
J07_U2433,JS_Early,Early,JS_2016,A,U2433,JS,South,J07,2016-05-21,2016,05,21,142,21,538,96,7.6,10,29.2,NA,NA,NA,NA,NA,none,0,1,L_Shuswap
J07_U2434,JS_Early,Early,JS_2016,A,U2434,JS,South,J07,2016-05-21,2016,05,21,142,21,538,97,7.1,10,29.2,NA,NA,NA,NA,NA,none,0,1,NA
J07_U2435,JS_Early,Early,JS_2016,A,U2435,JS,South,J07,2016-05-21,2016,05,21,142,21,538,NA,8.6,10,29.2,NA,NA,NA,NA,NA,none,0,1,Blue_Lead_Ck
J07_U579,JS_Late,Late,JS_2015,A,U579,JS,South,J07,2015-06-29,2015,06,29,180,26,520,108,15.1,10.8,28.85,NA,4002.44,287.75084716,0.0060740763293702146,0.045123448942550805,none,100,0,Portage_Cr
J07_U580,JS_Late,Late,JS_2015,A,U580,JS,South,J07,2015-06-29,2015,06,29,180,26,520,119,19.8,10.8,28.85,NA,4002.44,287.75084716,0.0060740763293702146,0.045123448942550805,none,100,0,Quesnel_Horsef
J07_U594,JS_Late,Late,JS_2015,A,U594,JS,South,J07,2015-06-29,2015,06,29,180,26,520,128,24.1,10.8,28.85,NA,4002.44,287.75084716,0.0060740763293702146,0.045123448942550805,none,100,0,Mitchell
J07_U595,JS_Late,Late,JS_2015,A,U595,JS,South,J07,2015-06-29,2015,06,29,180,26,520,124,21.3,10.8,28.85,NA,4002.44,287.75084716,0.0060740763293702146,0.045123448942550805,none,100,0,Chilko
J07_U596,JS_Late,Late,JS_2015,A,U596,JS,South,J07,2015-06-29,2015,06,29,180,26,520,125,18.9,10.8,28.85,NA,4002.44,287.75084716,0.0060740763293702146,0.045123448942550805,none,100,0,NA
J07_U611,JS_Late,Late,JS_2015,A,U611,JS,South,J07,2015-06-29,2015,06,29,180,26,520,123,21,10.8,28.85,NA,4002.44,287.75084716,0.0060740763293702146,0.045123448942550805,none,100,0,NA
J07_U612,JS_Late,Late,JS_2015,A,U612,JS,South,J07,2015-06-29,2015,06,29,180,26,520,126,21.6,10.8,28.85,NA,4002.44,287.75084716,0.0060740763293702146,0.045123448942550805,none,100,0,Mitchell
J07_U631,JS_Late,Late,JS_2015,A,U631,JS,South,J07,2015-06-29,2015,06,29,180,26,520,128,NA,10.8,28.85,NA,4002.44,287.75084716,0.0060740763293702146,0.045123448942550805,none,100,0,Chilko
J07_U632,JS_Late,Late,JS_2015,A,U632,JS,South,J07,2015-06-29,2015,06,29,180,26,520,116,18.1,10.8,28.85,NA,4002.44,287.75084716,0.0060740763293702146,0.045123448942550805,none,100,0,NA
J07_U633,JS_Late,Late,JS_2015,A,U633,JS,South,J07,2015-06-29,2015,06,29,180,26,520,114,16.3,10.8,28.85,NA,4002.44,287.75084716,0.0060740763293702146,0.045123448942550805,none,100,0,Portage_Cr
J07_U735,JS_Late,Late,JS_2015,A,U735,JS,South,J07,2015-06-14,2015,06,14,165,24,680,124,20.3,10.4,28.85,12,2475.06,211.311651661,0.0020716548866682913,0.07402583500740773,none,25,1,Pitt
J07_U736,JS_Late,Late,JS_2015,A,U736,JS,South,J07,2015-06-14,2015,06,14,165,24,680,109,22.5,10.4,28.85,12,2475.06,211.311651661,0.0020716548866682913,0.07402583500740773,none,25,1,Chilko
J07_U737,JS_Late,Late,JS_2015,A,U737,JS,South,J07,2015-06-14,2015,06,14,165,24,680,114,18.5,10.4,28.85,12,2475.06,211.311651661,0.0020716548866682913,0.07402583500740773,none,25,1,Chilko
J07_U738,JS_Late,Late,JS_2015,A,U738,JS,South,J07,2015-06-14,2015,06,14,165,24,680,116,18.3,10.4,28.85,12,2475.06,211.311651661,0.0020716548866682913,0.07402583500740773,none,25,1,Chilko
J07_U749,JS_Early,Early,JS_2015,A,U749,JS,South,J07,2015-05-26,2015,05,26,146,21,345,109,16.8,9.9,28.5,15.5,981.9200000000001,67.017674055,2.7275561097256856e-4,0.020428015574386164,none,100,2,Mitchell
J07_U762,JS_Late,Late,JS_2015,A,U762,JS,South,J07,2015-06-14,2015,06,14,165,24,680,103,11.6,10.4,28.85,12,2475.06,211.311651661,0.0020716548866682913,0.07402583500740773,none,25,1,Pitt
J07_U763,JS_Late,Late,JS_2015,A,U763,JS,South,J07,2015-06-14,2015,06,14,165,24,680,117,16.5,10.4,28.85,12,2475.06,211.311651661,0.0020716548866682913,0.07402583500740773,none,25,1,NA
J07_U764,JS_Late,Late,JS_2015,A,U764,JS,South,J07,2015-06-14,2015,06,14,165,24,680,112,15.9,10.4,28.85,12,2475.06,211.311651661,0.0020716548866682913,0.07402583500740773,none,25,1,Pitt
J07_U785,JS_Late,Late,JS_2015,A,U785,JS,South,J07,2015-06-14,2015,06,14,165,24,680,113,18.3,10.4,28.85,12,2475.06,211.311651661,0.0020716548866682913,0.07402583500740773,none,25,1,Chilko
J07_U786,JS_Late,Late,JS_2015,A,U786,JS,South,J07,2015-06-14,2015,06,14,165,24,680,113,12.7,10.4,28.85,12,2475.06,211.311651661,0.0020716548866682913,0.07402583500740773,none,25,1,Scotch
J07_U854,JS_Peak,Peak,JS_2015,A,U854,JS,South,J07,2015-06-06,2015,06,06,157,23,380,113,13.3,9.95,28.7,13.6,910.2,83.94083500699999,0.01547947002492457,0.08382888932547353,none,100,2,Chilko
J07_U855,JS_Peak,Peak,JS_2015,A,U855,JS,South,J07,2015-06-06,2015,06,06,157,23,380,115,13.1,9.95,28.7,13.6,910.2,83.94083500699999,0.01547947002492457,0.08382888932547353,none,100,2,Chilko
J07_U878,JS_Peak,Peak,JS_2015,A,U878,JS,South,J07,2015-06-06,2015,06,06,157,23,380,103,11.4,9.95,28.7,13.6,910.2,83.94083500699999,0.01547947002492457,0.08382888932547353,none,100,2,L_Adams
J07_U879,JS_Peak,Peak,JS_2015,A,U879,JS,South,J07,2015-06-06,2015,06,06,157,23,380,101,12,9.95,28.7,13.6,910.2,83.94083500699999,0.01547947002492457,0.08382888932547353,none,100,2,NA
J07_U916,JS_Peak,Peak,JS_2015,A,U916,JS,South,J07,2015-06-06,2015,06,06,157,23,380,108,12.1,9.95,28.7,13.6,910.2,83.94083500699999,0.01547947002492457,0.08382888932547353,none,100,2,L_Adams
J07_U917,JS_Peak,Peak,JS_2015,A,U917,JS,South,J07,2015-06-06,2015,06,06,157,23,380,113,14.9,9.95,28.7,13.6,910.2,83.94083500699999,0.01547947002492457,0.08382888932547353,none,100,2,L_Adams
J07_U931,JS_Peak,Peak,JS_2015,A,U931,JS,South,J07,2015-06-06,2015,06,06,157,23,380,121,14.6,9.95,28.7,13.6,910.2,83.94083500699999,0.01547947002492457,0.08382888932547353,none,100,2,Chilko
J07_U932,JS_Peak,Peak,JS_2015,A,U932,JS,South,J07,2015-06-06,2015,06,06,157,23,380,132,19.2,9.95,28.7,13.6,910.2,83.94083500699999,0.01547947002492457,0.08382888932547353,none,100,2,Chilko
J07_U933,JS_Peak,Peak,JS_2015,A,U933,JS,South,J07,2015-06-06,2015,06,06,157,23,380,118,17,9.95,28.7,13.6,910.2,83.94083500699999,0.01547947002492457,0.08382888932547353,none,100,2,L_Adams
J07_U934,JS_Peak,Peak,JS_2015,A,U934,JS,South,J07,2015-06-06,2015,06,06,157,23,380,117,19.8,9.95,28.7,13.6,910.2,83.94083500699999,0.01547947002492457,0.08382888932547353,none,100,2,Chilko
J07_U935,JS_Peak,Peak,JS_2015,A,U935,JS,South,J07,2015-06-06,2015,06,06,157,23,380,119,17.9,9.95,28.7,13.6,910.2,83.94083500699999,0.01547947002492457,0.08382888932547353,none,100,2,Chilko
J08_U1289,JS_Peak,Peak,JS_2015,A,U1289,JS,South,J08,2015-06-07,2015,06,07,158,23,660,101,11.2,10.75,28.5,11.8,2683.68,244.442842927,0.010053964486441703,0.09801366830836197,none,0,2,Chilko
J08_U1290,JS_Peak,Peak,JS_2015,A,U1290,JS,South,J08,2015-06-07,2015,06,07,158,23,660,95,10.9,10.75,28.5,11.8,2683.68,244.442842927,0.010053964486441703,0.09801366830836197,none,0,2,Chilko
J08_U1293,JS_Peak,Peak,JS_2015,A,U1293,JS,South,J08,2015-06-07,2015,06,07,158,23,660,119,15.5,10.75,28.5,11.8,2683.68,244.442842927,0.010053964486441703,0.09801366830836197,none,0,2,Seymour
J08_U1304,JS_Peak,Peak,JS_2015,A,U1304,JS,South,J08,2015-06-07,2015,06,07,158,23,660,116,16.6,10.75,28.5,11.8,2683.68,244.442842927,0.010053964486441703,0.09801366830836197,none,0,2,Chilko
J08_U1305,JS_Peak,Peak,JS_2015,A,U1305,JS,South,J08,2015-06-07,2015,06,07,158,23,660,109,10.7,10.75,28.5,11.8,2683.68,244.442842927,0.010053964486441703,0.09801366830836197,none,0,2,NA
J08_U1306,JS_Peak,Peak,JS_2015,A,U1306,JS,South,J08,2015-06-07,2015,06,07,158,23,660,110,12.2,10.75,28.5,11.8,2683.68,244.442842927,0.010053964486441703,0.09801366830836197,none,0,2,Chilko
J08_U1314,JS_Peak,Peak,JS_2015,A,U1314,JS,South,J08,2015-06-07,2015,06,07,158,23,660,94,8.8,10.75,28.5,11.8,2683.68,244.442842927,0.010053964486441703,0.09801366830836197,none,0,2,Pitt
J08_U1321,JS_Peak,Peak,JS_2015,A,U1321,JS,South,J08,2015-06-07,2015,06,07,158,23,660,118,15.7,10.75,28.5,11.8,2683.68,244.442842927,0.010053964486441703,0.09801366830836197,none,0,2,NA
J08_U1322,JS_Peak,Peak,JS_2015,A,U1322,JS,South,J08,2015-06-07,2015,06,07,158,23,660,98,8.2,10.75,28.5,11.8,2683.68,244.442842927,0.010053964486441703,0.09801366830836197,none,0,2,NA
J08_U1323,JS_Peak,Peak,JS_2015,A,U1323,JS,South,J08,2015-06-07,2015,06,07,158,23,660,113,13,10.75,28.5,11.8,2683.68,244.442842927,0.010053964486441703,0.09801366830836197,none,0,2,Chilko
J09_U1018,JS_Peak,Peak,JS_2015,A,U1018,JS,South,J09,2015-06-07,2015,06,07,158,23,875,102,10,11.65,28.7,13.9,2680.38,903.5341032,0.10744077410744077,0.6778765551082079,none,0,1,Gates_Cr
J09_U1019,JS_Peak,Peak,JS_2015,A,U1019,JS,South,J09,2015-06-07,2015,06,07,158,23,875,96,9.1,11.65,28.7,13.9,2680.38,903.5341032,0.10744077410744077,0.6778765551082079,none,0,1,Pitt
J09_U1020,JS_Peak,Peak,JS_2015,A,U1020,JS,South,J09,2015-06-07,2015,06,07,158,23,875,121,16.8,11.65,28.7,13.9,2680.38,903.5341032,0.10744077410744077,0.6778765551082079,none,0,1,Middle
J09_U1023,JS_Peak,Peak,JS_2015,A,U1023,JS,South,J09,2015-06-07,2015,06,07,158,23,875,106,11.8,11.65,28.7,13.9,2680.38,903.5341032,0.10744077410744077,0.6778765551082079,none,0,1,L_Adams
J09_U1024,JS_Peak,Peak,JS_2015,A,U1024,JS,South,J09,2015-06-07,2015,06,07,158,23,875,110,14.8,11.65,28.7,13.9,2680.38,903.5341032,0.10744077410744077,0.6778765551082079,none,0,1,Chilko
J09_U1025,JS_Peak,Peak,JS_2015,A,U1025,JS,South,J09,2015-06-07,2015,06,07,158,23,875,110,13.2,11.65,28.7,13.9,2680.38,903.5341032,0.10744077410744077,0.6778765551082079,none,0,1,L_Adams
J09_U1026,JS_Peak,Peak,JS_2015,A,U1026,JS,South,J09,2015-06-07,2015,06,07,158,23,875,102,11,11.65,28.7,13.9,2680.38,903.5341032,0.10744077410744077,0.6778765551082079,none,0,1,Chilko
J09_U1027,JS_Peak,Peak,JS_2015,B,U1027,JS,South,J09,2015-06-07,2015,06,07,158,23,875,116,14.3,11.65,28.7,13.9,2680.38,903.5341032,0.10744077410744077,0.6778765551082079,none,0,1,NA
J09_U1042,JS_Peak,Peak,JS_2015,A,U1042,JS,South,J09,2015-06-07,2015,06,07,158,23,875,106,12.1,11.65,28.7,13.9,2680.38,903.5341032,0.10744077410744077,0.6778765551082079,none,0,1,Seymour
J09_U1043,JS_Peak,Peak,JS_2015,B,U1043,JS,South,J09,2015-06-07,2015,06,07,158,23,875,100,11.8,11.65,28.7,13.9,2680.38,903.5341032,0.10744077410744077,0.6778765551082079,none,0,1,Pitt
J09_U1044,JS_Peak,Peak,JS_2015,A,U1044,JS,South,J09,2015-06-07,2015,06,07,158,23,875,111,15.1,11.65,28.7,13.9,2680.38,903.5341032,0.10744077410744077,0.6778765551082079,none,0,1,Chilko
