ID,ufn,location,region,site,survey_id,date,year,month,day,yday,set_time,set_time.adj,lat,lon,forklength,fishweight,meantemp,meansal,secchi,z.abundance,z.biomass,z.abund.2mm,z.biom.1mm,precip,cloud_cover,sea_state,stock_1
D07_U313,U313,DI,Central,D07,DE107,2015-05-16,2015,05,16,136,12:30:00,750,50.16412,-125.1602,99,10.6,14.100000000000001,27.35,5,2619.3599999999997,111.52225344200001,0.020723257506248614,0.012934190194770486,none,0,1,NA
D07_U312,U312,DI,Central,D07,DE107,2015-05-16,2015,05,16,136,12:30:00,750,50.16412,-125.1602,109,12.9,14.100000000000001,27.35,5,2619.3599999999997,111.52225344200001,0.020723257506248614,0.012934190194770486,none,0,1,Weaver
D07_U293,U293,DI,Central,D07,DE107,2015-05-16,2015,05,16,136,12:30:00,750,50.16412,-125.1602,95,10.8,14.100000000000001,27.35,5,2619.3599999999997,111.52225344200001,0.020723257506248614,0.012934190194770486,none,0,1,Chilko
D07_U294,U294,DI,Central,D07,DE107,2015-05-16,2015,05,16,136,12:30:00,750,50.16412,-125.1602,103,10.8,14.100000000000001,27.35,5,2619.3599999999997,111.52225344200001,0.020723257506248614,0.012934190194770486,none,0,1,Birkenhead
D07_U311,U311,DI,Central,D07,DE107,2015-05-16,2015,05,16,136,12:30:00,750,50.16412,-125.1602,104,12.7,14.100000000000001,27.35,5,2619.3599999999997,111.52225344200001,0.020723257506248614,0.012934190194770486,none,0,1,Chilko
D07_U302,U302,DI,Central,D07,DE107,2015-05-16,2015,05,16,136,12:30:00,750,50.16412,-125.1602,100,9,14.100000000000001,27.35,5,2619.3599999999997,111.52225344200001,0.020723257506248614,0.012934190194770486,none,0,1,Weaver
D07_U303,U303,DI,Central,D07,DE107,2015-05-16,2015,05,16,136,12:30:00,750,50.16412,-125.1602,94,9.3,14.100000000000001,27.35,5,2619.3599999999997,111.52225344200001,0.020723257506248614,0.012934190194770486,none,0,1,Chilko
D07_U292,U292,DI,Central,D07,DE107,2015-05-16,2015,05,16,136,12:30:00,750,50.16412,-125.1602,128,22.5,14.100000000000001,27.35,5,2619.3599999999997,111.52225344200001,0.020723257506248614,0.012934190194770486,none,0,1,Pinchi_Cr
D07_U301,U301,DI,Central,D07,DE107,2015-05-16,2015,05,16,136,12:30:00,750,50.16412,-125.1602,116,16,14.100000000000001,27.35,5,2619.3599999999997,111.52225344200001,0.020723257506248614,0.012934190194770486,none,0,1,Pinchi_Cr
D07_U295,U295,DI,Central,D07,DE107,2015-05-16,2015,05,16,136,12:30:00,750,50.16412,-125.1602,101,11,14.100000000000001,27.35,5,2619.3599999999997,111.52225344200001,0.020723257506248614,0.012934190194770486,none,0,1,Quesnel_Decept
D07_U128,U128,DI,Central,D07,DE115,2015-05-21,2015,05,21,141,13:00:00,780,50.18217,-125.1493,104,11.2,15.649999999999999,27.8,4.2,2640.06,300.969519104,0.08429273547431496,0.006703085780932118,none,0,2,Weaver
D07_U216,U216,DI,Central,D07,DE115,2015-05-21,2015,05,21,141,13:00:00,780,50.18217,-125.1493,96,9.6,15.649999999999999,27.8,4.2,2640.06,300.969519104,0.08429273547431496,0.006703085780932118,none,0,2,Chilko
D07_U210,U210,DI,Central,D07,DE115,2015-05-21,2015,05,21,141,13:00:00,780,50.18217,-125.1493,98,10,15.649999999999999,27.8,4.2,2640.06,300.969519104,0.08429273547431496,0.006703085780932118,none,0,2,Chilko
D07_U236,U236,DI,Central,D07,DE115,2015-05-21,2015,05,21,141,13:00:00,780,50.18217,-125.1493,98,11,15.649999999999999,27.8,4.2,2640.06,300.969519104,0.08429273547431496,0.006703085780932118,none,0,2,Chilko
D07_U233,U233,DI,Central,D07,DE115,2015-05-21,2015,05,21,141,13:00:00,780,50.18217,-125.1493,100,9,15.649999999999999,27.8,4.2,2640.06,300.969519104,0.08429273547431496,0.006703085780932118,none,0,2,Chilko
D07_U217,U217,DI,Central,D07,DE115,2015-05-21,2015,05,21,141,13:00:00,780,50.18217,-125.1493,100,10.6,15.649999999999999,27.8,4.2,2640.06,300.969519104,0.08429273547431496,0.006703085780932118,none,0,2,Thompson_N
D07_U218,U218,DI,Central,D07,DE115,2015-05-21,2015,05,21,141,13:00:00,780,50.18217,-125.1493,100,10,15.649999999999999,27.8,4.2,2640.06,300.969519104,0.08429273547431496,0.006703085780932118,none,0,2,Stellako
D07_U235,U235,DI,Central,D07,DE115,2015-05-21,2015,05,21,141,13:00:00,780,50.18217,-125.1493,100,7.8,15.649999999999999,27.8,4.2,2640.06,300.969519104,0.08429273547431496,0.006703085780932118,none,0,2,NA
D07_U234,U234,DI,Central,D07,DE115,2015-05-21,2015,05,21,141,13:00:00,780,50.18217,-125.1493,103,8.6,15.649999999999999,27.8,4.2,2640.06,300.969519104,0.08429273547431496,0.006703085780932118,none,0,2,Quesnel_Horsef
D07_U241,U241,DI,Central,D07,DE115,2015-05-21,2015,05,21,141,13:00:00,780,50.18217,-125.1493,99,9.3,15.649999999999999,27.8,4.2,2640.06,300.969519104,0.08429273547431496,0.006703085780932118,none,0,2,Birkenhead
D11_U487,U487,DI,West,D11,DE150,2015-06-01,2015,06,01,152,09:32:00,572,50.34762,-125.45358,121,17.1,11,28.95,12.6,2027.92,257.558470351,2.33546639263861e-4,0.0070768772365980845,none,75,2,Tachie
D11_U489,U489,DI,West,D11,DE150,2015-06-01,2015,06,01,152,09:32:00,572,50.34762,-125.45358,91,7.6,11,28.95,12.6,2027.92,257.558470351,2.33546639263861e-4,0.0070768772365980845,none,75,2,Mitchell
D11_U488,U488,DI,West,D11,DE150,2015-06-01,2015,06,01,152,09:32:00,572,50.34762,-125.45358,109,8,11,28.95,12.6,2027.92,257.558470351,2.33546639263861e-4,0.0070768772365980845,none,75,2,L_Adams
D11_U490,U490,DI,West,D11,DE150,2015-06-01,2015,06,01,152,09:32:00,572,50.34762,-125.45358,93,8.9,11,28.95,12.6,2027.92,257.558470351,2.33546639263861e-4,0.0070768772365980845,none,75,2,Chilko
D11_U512,U512,DI,West,D11,DE150,2015-06-01,2015,06,01,152,09:32:00,572,50.34762,-125.45358,98,10.6,11,28.95,12.6,2027.92,257.558470351,2.33546639263861e-4,0.0070768772365980845,none,75,2,Chilko
D11_U501,U501,DI,West,D11,DE150,2015-06-01,2015,06,01,152,09:32:00,572,50.34762,-125.45358,96,8.8,11,28.95,12.6,2027.92,257.558470351,2.33546639263861e-4,0.0070768772365980845,none,75,2,NA
D11_U502,U502,DI,West,D11,DE150,2015-06-01,2015,06,01,152,09:32:00,572,50.34762,-125.45358,115,15.2,11,28.95,12.6,2027.92,257.558470351,2.33546639263861e-4,0.0070768772365980845,none,75,2,Paula
D11_U511,U511,DI,West,D11,DE150,2015-06-01,2015,06,01,152,09:32:00,572,50.34762,-125.45358,99,10.1,11,28.95,12.6,2027.92,257.558470351,2.33546639263861e-4,0.0070768772365980845,none,75,2,Scotch
D11_U500,U500,DI,West,D11,DE150,2015-06-01,2015,06,01,152,09:32:00,572,50.34762,-125.45358,110,15.1,11,28.95,12.6,2027.92,257.558470351,2.33546639263861e-4,0.0070768772365980845,none,75,2,NA
D11_U498,U498,DI,West,D11,DE150,2015-06-01,2015,06,01,152,09:32:00,572,50.34762,-125.45358,104,14.3,11,28.95,12.6,2027.92,257.558470351,2.33546639263861e-4,0.0070768772365980845,none,75,2,NA
D08_U4763,U4763,DI,East,D08,DE155,2015-06-04,2015,06,04,155,06:23:00,383,50.31954,-125.04247,103,10.7,16.75,19.25,11.5,1688.89,205.01509392,5.5862800960840175e-5,0.018867924531983164,none,0,1,NA
D08_U4762,U4762,DI,East,D08,DE155,2015-06-04,2015,06,04,155,06:23:00,383,50.31954,-125.04247,110,14.2,16.75,19.25,11.5,1688.89,205.01509392,5.5862800960840175e-5,0.018867924531983164,none,0,1,NA
D08_U4771,U4771,DI,East,D08,DE155,2015-06-04,2015,06,04,155,06:23:00,383,50.31954,-125.04247,89,6,16.75,19.25,11.5,1688.89,205.01509392,5.5862800960840175e-5,0.018867924531983164,none,0,1,NA
D08_U4764,U4764,DI,East,D08,DE155,2015-06-04,2015,06,04,155,06:23:00,383,50.31954,-125.04247,106,11.6,16.75,19.25,11.5,1688.89,205.01509392,5.5862800960840175e-5,0.018867924531983164,none,0,1,NA
D08_U4768,U4768,DI,East,D08,DE155,2015-06-04,2015,06,04,155,06:23:00,383,50.31954,-125.04247,107,11.9,16.75,19.25,11.5,1688.89,205.01509392,5.5862800960840175e-5,0.018867924531983164,none,0,1,NA
D08_U4766,U4766,DI,East,D08,DE155,2015-06-04,2015,06,04,155,06:23:00,383,50.31954,-125.04247,97,9.6,16.75,19.25,11.5,1688.89,205.01509392,5.5862800960840175e-5,0.018867924531983164,none,0,1,NA
D08_U4767,U4767,DI,East,D08,DE155,2015-06-04,2015,06,04,155,06:23:00,383,50.31954,-125.04247,105,10.9,16.75,19.25,11.5,1688.89,205.01509392,5.5862800960840175e-5,0.018867924531983164,none,0,1,NA
D08_U4770,U4770,DI,East,D08,DE155,2015-06-04,2015,06,04,155,06:23:00,383,50.31954,-125.04247,113,13.6,16.75,19.25,11.5,1688.89,205.01509392,5.5862800960840175e-5,0.018867924531983164,none,0,1,NA
D08_U4769,U4769,DI,East,D08,DE155,2015-06-04,2015,06,04,155,06:23:00,383,50.31954,-125.04247,111,12.2,16.75,19.25,11.5,1688.89,205.01509392,5.5862800960840175e-5,0.018867924531983164,none,0,1,NA
D08_U4765,U4765,DI,East,D08,DE155,2015-06-04,2015,06,04,155,06:23:00,383,50.31954,-125.04247,113,14.8,16.75,19.25,11.5,1688.89,205.01509392,5.5862800960840175e-5,0.018867924531983164,none,0,1,NA
D06_U276,U276,DI,West,D06,DE158,2015-06-04,2015,06,04,155,11:32:00,692,50.07966,-125.24845,97,9.3,12.25,28.15,10.8,2145.6600000000003,414.25155265399997,0.003454537402010718,0.03320792938573855,none,0,0,L_Adams
D06_U275,U275,DI,West,D06,DE158,2015-06-04,2015,06,04,155,11:32:00,692,50.07966,-125.24845,119,17.3,12.25,28.15,10.8,2145.6600000000003,414.25155265399997,0.003454537402010718,0.03320792938573855,none,0,0,Paula
D06_U271,U271,DI,West,D06,DE158,2015-06-04,2015,06,04,155,11:32:00,692,50.07966,-125.24845,109,14,12.25,28.15,10.8,2145.6600000000003,414.25155265399997,0.003454537402010718,0.03320792938573855,none,0,0,L_Adams
D06_U130,U130,DI,West,D06,DE158,2015-06-04,2015,06,04,155,11:32:00,692,50.07966,-125.24845,106,12.7,12.25,28.15,10.8,2145.6600000000003,414.25155265399997,0.003454537402010718,0.03320792938573855,none,0,0,Chilko
D06_U266,U266,DI,West,D06,DE158,2015-06-04,2015,06,04,155,11:32:00,692,50.07966,-125.24845,108,14.1,12.25,28.15,10.8,2145.6600000000003,414.25155265399997,0.003454537402010718,0.03320792938573855,none,0,0,Scotch
D06_U267,U267,DI,West,D06,DE158,2015-06-04,2015,06,04,155,11:32:00,692,50.07966,-125.24845,105,13.4,12.25,28.15,10.8,2145.6600000000003,414.25155265399997,0.003454537402010718,0.03320792938573855,none,0,0,Pitt
D06_U277,U277,DI,West,D06,DE158,2015-06-04,2015,06,04,155,11:32:00,692,50.07966,-125.24845,105,13.6,12.25,28.15,10.8,2145.6600000000003,414.25155265399997,0.003454537402010718,0.03320792938573855,none,0,0,Bowron
D06_U288,U288,DI,West,D06,DE158,2015-06-04,2015,06,04,155,11:32:00,692,50.07966,-125.24845,95,9.8,12.25,28.15,10.8,2145.6600000000003,414.25155265399997,0.003454537402010718,0.03320792938573855,none,0,0,Scotch
D06_U287,U287,DI,West,D06,DE158,2015-06-04,2015,06,04,155,11:32:00,692,50.07966,-125.24845,105,14.7,12.25,28.15,10.8,2145.6600000000003,414.25155265399997,0.003454537402010718,0.03320792938573855,none,0,0,Chilko
D06_U289,U289,DI,West,D06,DE158,2015-06-04,2015,06,04,155,11:32:00,692,50.07966,-125.24845,101,11.9,12.25,28.15,10.8,2145.6600000000003,414.25155265399997,0.003454537402010718,0.03320792938573855,none,0,0,Scotch
D10_U1000,U1000,DI,East,D10,DE160,2015-06-05,2015,06,05,156,07:00:00,420,50.44342,-125.27904,97,8.5,10.649999999999999,28.4,13.2,2158.78,319.34157214600003,0.10534269432988068,0.7745189851853057,none,25,1,L_Adams
D10_U1005,U1005,DI,East,D10,DE160,2015-06-05,2015,06,05,156,07:00:00,420,50.44342,-125.27904,105,13.3,10.649999999999999,28.4,13.2,2158.78,319.34157214600003,0.10534269432988068,0.7745189851853057,none,25,1,L_Adams
D10_U1006,U1006,DI,East,D10,DE160,2015-06-05,2015,06,05,156,07:00:00,420,50.44342,-125.27904,101,12.1,10.649999999999999,28.4,13.2,2158.78,319.34157214600003,0.10534269432988068,0.7745189851853057,none,25,1,Mitchell
D10_U1007,U1007,DI,East,D10,DE160,2015-06-05,2015,06,05,156,07:00:00,420,50.44342,-125.27904,97,8.5,10.649999999999999,28.4,13.2,2158.78,319.34157214600003,0.10534269432988068,0.7745189851853057,none,25,1,L_Adams
D10_U1013,U1013,DI,East,D10,DE160,2015-06-05,2015,06,05,156,07:00:00,420,50.44342,-125.27904,120,22.3,10.649999999999999,28.4,13.2,2158.78,319.34157214600003,0.10534269432988068,0.7745189851853057,none,25,1,Mitchell
D10_U1014,U1014,DI,East,D10,DE160,2015-06-05,2015,06,05,156,07:00:00,420,50.44342,-125.27904,NA,14,10.649999999999999,28.4,13.2,2158.78,319.34157214600003,0.10534269432988068,0.7745189851853057,none,25,1,Chilko
D10_U948,U948,DI,East,D10,DE160,2015-06-05,2015,06,05,156,07:00:00,420,50.44342,-125.27904,123,14.4,10.649999999999999,28.4,13.2,2158.78,319.34157214600003,0.10534269432988068,0.7745189851853057,none,25,1,Scotch
D10_U949,U949,DI,East,D10,DE160,2015-06-05,2015,06,05,156,07:00:00,420,50.44342,-125.27904,104,9.2,10.649999999999999,28.4,13.2,2158.78,319.34157214600003,0.10534269432988068,0.7745189851853057,none,25,1,NA
D10_U999,U999,DI,East,D10,DE160,2015-06-05,2015,06,05,156,07:00:00,420,50.44342,-125.27904,100,12.6,10.649999999999999,28.4,13.2,2158.78,319.34157214600003,0.10534269432988068,0.7745189851853057,none,25,1,Mitchell
D10_U1021,U1021,DI,East,D10,DE160,2015-06-05,2015,06,05,156,07:00:00,420,50.44342,-125.27904,121,14.1,10.649999999999999,28.4,13.2,2158.78,319.34157214600003,0.10534269432988068,0.7745189851853057,none,25,1,Scotch
D10_U947,U947,DI,East,D10,DE160,2015-06-05,2015,06,05,156,07:00:00,420,50.44342,-125.27904,118,14.3,10.649999999999999,28.4,13.2,2158.78,319.34157214600003,0.10534269432988068,0.7745189851853057,none,25,1,Chilko
D09_U760,U760,DI,Central,D09,DE162,2015-06-05,2015,06,05,156,10:59:00,659,50.30771,-125.32864,110,11.6,11.8,28.4,13.3,567.42,46.815019664,0.025585379782981154,0.053994185245291926,none,0,0,L_Adams
D09_U817,U817,DI,Central,D09,DE162,2015-06-05,2015,06,05,156,10:59:00,659,50.30771,-125.32864,115,15.1,11.8,28.4,13.3,567.42,46.815019664,0.025585379782981154,0.053994185245291926,none,0,0,L_Adams
D09_U818,U818,DI,Central,D09,DE162,2015-06-05,2015,06,05,156,10:59:00,659,50.30771,-125.32864,115,14.4,11.8,28.4,13.3,567.42,46.815019664,0.025585379782981154,0.053994185245291926,none,0,0,L_Adams
D09_U759,U759,DI,Central,D09,DE162,2015-06-05,2015,06,05,156,10:59:00,659,50.30771,-125.32864,129,20.7,11.8,28.4,13.3,567.42,46.815019664,0.025585379782981154,0.053994185245291926,none,0,0,Chilko
D09_U820,U820,DI,Central,D09,DE162,2015-06-05,2015,06,05,156,10:59:00,659,50.30771,-125.32864,114,14.9,11.8,28.4,13.3,567.42,46.815019664,0.025585379782981154,0.053994185245291926,none,0,0,L_Adams
D09_U824,U824,DI,Central,D09,DE162,2015-06-05,2015,06,05,156,10:59:00,659,50.30771,-125.32864,123,20.7,11.8,28.4,13.3,567.42,46.815019664,0.025585379782981154,0.053994185245291926,none,0,0,Mitchell
D09_U832,U832,DI,Central,D09,DE162,2015-06-05,2015,06,05,156,10:59:00,659,50.30771,-125.32864,125,17.2,11.8,28.4,13.3,567.42,46.815019664,0.025585379782981154,0.053994185245291926,none,0,0,L_Adams
D09_U819,U819,DI,Central,D09,DE162,2015-06-05,2015,06,05,156,10:59:00,659,50.30771,-125.32864,109,11.1,11.8,28.4,13.3,567.42,46.815019664,0.025585379782981154,0.053994185245291926,none,0,0,Tachie
D09_U834,U834,DI,Central,D09,DE162,2015-06-05,2015,06,05,156,10:59:00,659,50.30771,-125.32864,116,15.2,11.8,28.4,13.3,567.42,46.815019664,0.025585379782981154,0.053994185245291926,none,0,0,NA
D09_U833,U833,DI,Central,D09,DE162,2015-06-05,2015,06,05,156,10:59:00,659,50.30771,-125.32864,115,14.7,11.8,28.4,13.3,567.42,46.815019664,0.025585379782981154,0.053994185245291926,none,0,0,Chilko
D07_U219,U219,DI,Central,D07,DE163,2015-06-05,2015,06,05,156,14:00:00,840,50.19112,-125.14202,106,14.5,18.2,25.4,14.9,3846.81,1244.74400436,6.904170118751726e-5,0.2773584423441085,none,75,1,Chilko
D07_U237,U237,DI,Central,D07,DE163,2015-06-05,2015,06,05,156,14:00:00,840,50.19112,-125.14202,109,17.1,18.2,25.4,14.9,3846.81,1244.74400436,6.904170118751726e-5,0.2773584423441085,none,75,1,Chilko
D07_U242,U242,DI,Central,D07,DE163,2015-06-05,2015,06,05,156,14:00:00,840,50.19112,-125.14202,119,19.3,18.2,25.4,14.9,3846.81,1244.74400436,6.904170118751726e-5,0.2773584423441085,none,75,1,Chilko
D07_U220,U220,DI,Central,D07,DE163,2015-06-05,2015,06,05,156,14:00:00,840,50.19112,-125.14202,104,11.9,18.2,25.4,14.9,3846.81,1244.74400436,6.904170118751726e-5,0.2773584423441085,none,75,1,Scotch
D07_U239,U239,DI,Central,D07,DE163,2015-06-05,2015,06,05,156,14:00:00,840,50.19112,-125.14202,104,15,18.2,25.4,14.9,3846.81,1244.74400436,6.904170118751726e-5,0.2773584423441085,none,75,1,L_Adams
D07_U243,U243,DI,Central,D07,DE163,2015-06-05,2015,06,05,156,14:00:00,840,50.19112,-125.14202,109,16.2,18.2,25.4,14.9,3846.81,1244.74400436,6.904170118751726e-5,0.2773584423441085,none,75,1,Paula
D07_U244,U244,DI,Central,D07,DE163,2015-06-05,2015,06,05,156,14:00:00,840,50.19112,-125.14202,115,17.6,18.2,25.4,14.9,3846.81,1244.74400436,6.904170118751726e-5,0.2773584423441085,none,75,1,Paula
D07_U222,U222,DI,Central,D07,DE163,2015-06-05,2015,06,05,156,14:00:00,840,50.19112,-125.14202,109,14,18.2,25.4,14.9,3846.81,1244.74400436,6.904170118751726e-5,0.2773584423441085,none,75,1,Chilko
D07_U238,U238,DI,Central,D07,DE163,2015-06-05,2015,06,05,156,14:00:00,840,50.19112,-125.14202,115,15.7,18.2,25.4,14.9,3846.81,1244.74400436,6.904170118751726e-5,0.2773584423441085,none,75,1,Paula
D07_U1298,U1298,DI,Central,D07,DE173,2015-06-09,2015,06,09,160,13:22:00,802,50.19077,-125.14249,104,14.1,11.75,28.6,11.5,673.16,36.824370404,0.0430179320869897,0.03207810319743274,none,0,1,Chilko
D07_U910,U910,DI,Central,D07,DE173,2015-06-09,2015,06,09,160,13:22:00,802,50.19077,-125.14249,105,17.1,11.75,28.6,11.5,673.16,36.824370404,0.0430179320869897,0.03207810319743274,none,0,1,Seymour
D07_U907,U907,DI,Central,D07,DE173,2015-06-09,2015,06,09,160,13:22:00,802,50.19077,-125.14249,113,16.2,11.75,28.6,11.5,673.16,36.824370404,0.0430179320869897,0.03207810319743274,none,0,1,L_Adams
D07_U908,U908,DI,Central,D07,DE173,2015-06-09,2015,06,09,160,13:22:00,802,50.19077,-125.14249,107,14.3,11.75,28.6,11.5,673.16,36.824370404,0.0430179320869897,0.03207810319743274,none,0,1,Quesnel_Mitche
D07_U914,U914,DI,Central,D07,DE173,2015-06-09,2015,06,09,160,13:22:00,802,50.19077,-125.14249,114,13.2,11.75,28.6,11.5,673.16,36.824370404,0.0430179320869897,0.03207810319743274,none,0,1,NA
D07_U915,U915,DI,Central,D07,DE173,2015-06-09,2015,06,09,160,13:22:00,802,50.19077,-125.14249,106,12.2,11.75,28.6,11.5,673.16,36.824370404,0.0430179320869897,0.03207810319743274,none,0,1,Seymour
D07_U1318,U1318,DI,Central,D07,DE173,2015-06-09,2015,06,09,160,13:22:00,802,50.19077,-125.14249,106,14.6,11.75,28.6,11.5,673.16,36.824370404,0.0430179320869897,0.03207810319743274,none,0,1,Chilko
D07_U909,U909,DI,Central,D07,DE173,2015-06-09,2015,06,09,160,13:22:00,802,50.19077,-125.14249,107,14.2,11.75,28.6,11.5,673.16,36.824370404,0.0430179320869897,0.03207810319743274,none,0,1,Chilko
D07_U876,U876,DI,Central,D07,DE173,2015-06-09,2015,06,09,160,13:22:00,802,50.19077,-125.14249,105,13.7,11.75,28.6,11.5,673.16,36.824370404,0.0430179320869897,0.03207810319743274,none,0,1,NA
D07_U877,U877,DI,Central,D07,DE173,2015-06-09,2015,06,09,160,13:22:00,802,50.19077,-125.14249,104,13.1,11.75,28.6,11.5,673.16,36.824370404,0.0430179320869897,0.03207810319743274,none,0,1,Seymour
D07_U881,U881,DI,Central,D07,DE182,2015-06-13,2015,06,13,164,14:29:00,869,50.19051,-125.1444,90,9.1,12.2,28.85,11.4,115.23,20.177036434999998,0.016940451745379878,0.02266038845046901,none,0,1,Seymour
D07_U883,U883,DI,Central,D07,DE182,2015-06-13,2015,06,13,164,14:29:00,869,50.19051,-125.1444,110,16.1,12.2,28.85,11.4,115.23,20.177036434999998,0.016940451745379878,0.02266038845046901,none,0,1,Seymour
D07_U891,U891,DI,Central,D07,DE182,2015-06-13,2015,06,13,164,14:29:00,869,50.19051,-125.1444,105,13.5,12.2,28.85,11.4,115.23,20.177036434999998,0.016940451745379878,0.02266038845046901,none,0,1,L_Adams
D07_U882,U882,DI,Central,D07,DE182,2015-06-13,2015,06,13,164,14:29:00,869,50.19051,-125.1444,98,16.8,12.2,28.85,11.4,115.23,20.177036434999998,0.016940451745379878,0.02266038845046901,none,0,1,Pitt
D07_U884,U884,DI,Central,D07,DE182,2015-06-13,2015,06,13,164,14:29:00,869,50.19051,-125.1444,110,NA,12.2,28.85,11.4,115.23,20.177036434999998,0.016940451745379878,0.02266038845046901,none,0,1,NA
D07_U866,U866,DI,Central,D07,DE182,2015-06-13,2015,06,13,164,14:29:00,869,50.19051,-125.1444,112,16.4,12.2,28.85,11.4,115.23,20.177036434999998,0.016940451745379878,0.02266038845046901,none,0,1,L_Adams
D07_U867,U867,DI,Central,D07,DE182,2015-06-13,2015,06,13,164,14:29:00,869,50.19051,-125.1444,101,11.5,12.2,28.85,11.4,115.23,20.177036434999998,0.016940451745379878,0.02266038845046901,none,0,1,Seymour
D07_U868,U868,DI,Central,D07,DE182,2015-06-13,2015,06,13,164,14:29:00,869,50.19051,-125.1444,119,18.3,12.2,28.85,11.4,115.23,20.177036434999998,0.016940451745379878,0.02266038845046901,none,0,1,L_Adams
D07_U869,U869,DI,Central,D07,DE182,2015-06-13,2015,06,13,164,14:29:00,869,50.19051,-125.1444,90,10.5,12.2,28.85,11.4,115.23,20.177036434999998,0.016940451745379878,0.02266038845046901,none,0,1,Quesnel_Mitche
D07_U870,U870,DI,Central,D07,DE182,2015-06-13,2015,06,13,164,14:29:00,869,50.19051,-125.1444,95,12,12.2,28.85,11.4,115.23,20.177036434999998,0.016940451745379878,0.02266038845046901,none,0,1,Quesnel_Mitche
D07_U2005,U2005,DI,Central,D07,DE261,2016-05-14,2016,05,14,135,13:01:00,781,50.19304,-125.136573,116,11.6,15.15,26.7,1.5,17403.6,727.88,0.03927922958468363,0.011045340818941844,none,50,1,Nadina
D07_U1954,U1954,DI,Central,D07,DE261,2016-05-14,2016,05,14,135,13:01:00,781,50.19304,-125.136573,128,NA,15.15,26.7,1.5,17403.6,727.88,0.03927922958468363,0.011045340818941844,none,50,1,NA
D07_U2009,U2009,DI,Central,D07,DE261,2016-05-14,2016,05,14,135,13:01:00,781,50.19304,-125.136573,88,5.6,15.15,26.7,1.5,17403.6,727.88,0.03927922958468363,0.011045340818941844,none,50,1,Horsefly
D07_U2008,U2008,DI,Central,D07,DE261,2016-05-14,2016,05,14,135,13:01:00,781,50.19304,-125.136573,118,13.5,15.15,26.7,1.5,17403.6,727.88,0.03927922958468363,0.011045340818941844,none,50,1,NA
D07_U2006,U2006,DI,Central,D07,DE261,2016-05-14,2016,05,14,135,13:01:00,781,50.19304,-125.136573,101,9.6,15.15,26.7,1.5,17403.6,727.88,0.03927922958468363,0.011045340818941844,none,50,1,NA
D07_U2004,U2004,DI,Central,D07,DE261,2016-05-14,2016,05,14,135,13:01:00,781,50.19304,-125.136573,113,12.9,15.15,26.7,1.5,17403.6,727.88,0.03927922958468363,0.011045340818941844,none,50,1,Chilko
D07_U1957,U1957,DI,Central,D07,DE261,2016-05-14,2016,05,14,135,13:01:00,781,50.19304,-125.136573,113,14,15.15,26.7,1.5,17403.6,727.88,0.03927922958468363,0.011045340818941844,none,50,1,NA
D07_U1956,U1956,DI,Central,D07,DE261,2016-05-14,2016,05,14,135,13:01:00,781,50.19304,-125.136573,115,13.8,15.15,26.7,1.5,17403.6,727.88,0.03927922958468363,0.011045340818941844,none,50,1,Tachie
D07_U1955,U1955,DI,Central,D07,DE261,2016-05-14,2016,05,14,135,13:01:00,781,50.19304,-125.136573,96,9.3,15.15,26.7,1.5,17403.6,727.88,0.03927922958468363,0.011045340818941844,none,50,1,Horsefly
D07_U2007,U2007,DI,Central,D07,DE261,2016-05-14,2016,05,14,135,13:01:00,781,50.19304,-125.136573,126,17,15.15,26.7,1.5,17403.6,727.88,0.03927922958468363,0.011045340818941844,none,50,1,Stellako
D07_U1948,U1948,DI,Central,D07,DE287,2016-05-26,2016,05,26,147,11:06:00,666,50.190737,-125.143169,98,7.7,12.7,27.7,4,14121.880000000001,681.1038931319999,0.08637854635437647,0.004593723899613108,none,100,1,L_Shuswap
D07_U1982,U1982,DI,Central,D07,DE287,2016-05-26,2016,05,26,147,11:06:00,666,50.190737,-125.143169,95,7.5,12.7,27.7,4,14121.880000000001,681.1038931319999,0.08637854635437647,0.004593723899613108,none,100,1,L_Shuswap
D07_U1962,U1962,DI,Central,D07,DE287,2016-05-26,2016,05,26,147,11:06:00,666,50.190737,-125.143169,89,6.3,12.7,27.7,4,14121.880000000001,681.1038931319999,0.08637854635437647,0.004593723899613108,none,100,1,L_Shuswap
D07_U1945,U1945,DI,Central,D07,DE287,2016-05-26,2016,05,26,147,11:06:00,666,50.190737,-125.143169,91,6.4,12.7,27.7,4,14121.880000000001,681.1038931319999,0.08637854635437647,0.004593723899613108,none,100,1,L_Adams
D07_U1944,U1944,DI,Central,D07,DE287,2016-05-26,2016,05,26,147,11:06:00,666,50.190737,-125.143169,92,5.9,12.7,27.7,4,14121.880000000001,681.1038931319999,0.08637854635437647,0.004593723899613108,none,100,1,Chilko
D07_U1949,U1949,DI,Central,D07,DE287,2016-05-26,2016,05,26,147,11:06:00,666,50.190737,-125.143169,87,6.1,12.7,27.7,4,14121.880000000001,681.1038931319999,0.08637854635437647,0.004593723899613108,none,100,1,Chilko
D07_U1946,U1946,DI,Central,D07,DE287,2016-05-26,2016,05,26,147,11:06:00,666,50.190737,-125.143169,86,5.8,12.7,27.7,4,14121.880000000001,681.1038931319999,0.08637854635437647,0.004593723899613108,none,100,1,L_Shuswap
D07_U1950,U1950,DI,Central,D07,DE287,2016-05-26,2016,05,26,147,11:06:00,666,50.190737,-125.143169,79,6.1,12.7,27.7,4,14121.880000000001,681.1038931319999,0.08637854635437647,0.004593723899613108,none,100,1,L_Adams
D07_U1961,U1961,DI,Central,D07,DE287,2016-05-26,2016,05,26,147,11:06:00,666,50.190737,-125.143169,98,7.7,12.7,27.7,4,14121.880000000001,681.1038931319999,0.08637854635437647,0.004593723899613108,none,100,1,NA
D07_U1947,U1947,DI,Central,D07,DE287,2016-05-26,2016,05,26,147,11:06:00,666,50.190737,-125.143169,95,8.1,12.7,27.7,4,14121.880000000001,681.1038931319999,0.08637854635437647,0.004593723899613108,none,100,1,L_Shuswap
D07_U1908,U1908,DI,Central,D07,DE300,2016-06-03,2016,06,03,155,12:45:00,765,50.190887,-125.143416,92,8,15.7,25.75,9.3,9615.630000000001,893.73356086,0.12242729526582975,0.10207698459646668,none,100,1,Scotch
D07_U1904,U1904,DI,Central,D07,DE300,2016-06-03,2016,06,03,155,12:45:00,765,50.190887,-125.143416,89,7.5,15.7,25.75,9.3,9615.630000000001,893.73356086,0.12242729526582975,0.10207698459646668,none,100,1,L_Shuswap
D07_U1909,U1909,DI,Central,D07,DE300,2016-06-03,2016,06,03,155,12:45:00,765,50.190887,-125.143416,92,7.8,15.7,25.75,9.3,9615.630000000001,893.73356086,0.12242729526582975,0.10207698459646668,none,100,1,L_Adams
D07_U1910,U1910,DI,Central,D07,DE300,2016-06-03,2016,06,03,155,12:45:00,765,50.190887,-125.143416,94,7.6,15.7,25.75,9.3,9615.630000000001,893.73356086,0.12242729526582975,0.10207698459646668,none,100,1,L_Adams
D07_U1905,U1905,DI,Central,D07,DE300,2016-06-03,2016,06,03,155,12:45:00,765,50.190887,-125.143416,93,7.5,15.7,25.75,9.3,9615.630000000001,893.73356086,0.12242729526582975,0.10207698459646668,none,100,1,NA
D07_U1902,U1902,DI,Central,D07,DE300,2016-06-03,2016,06,03,155,12:45:00,765,50.190887,-125.143416,92,6.6,15.7,25.75,9.3,9615.630000000001,893.73356086,0.12242729526582975,0.10207698459646668,none,100,1,L_Shuswap
D07_U1906,U1906,DI,Central,D07,DE300,2016-06-03,2016,06,03,155,12:45:00,765,50.190887,-125.143416,95,8.4,15.7,25.75,9.3,9615.630000000001,893.73356086,0.12242729526582975,0.10207698459646668,none,100,1,L_Adams
D07_U1931,U1931,DI,Central,D07,DE300,2016-06-03,2016,06,03,155,12:45:00,765,50.190887,-125.143416,104,9.4,15.7,25.75,9.3,9615.630000000001,893.73356086,0.12242729526582975,0.10207698459646668,none,100,1,NA
D07_U1907,U1907,DI,Central,D07,DE300,2016-06-03,2016,06,03,155,12:45:00,765,50.190887,-125.143416,95,8.2,15.7,25.75,9.3,9615.630000000001,893.73356086,0.12242729526582975,0.10207698459646668,none,100,1,L_Adams
D07_U1903,U1903,DI,Central,D07,DE300,2016-06-03,2016,06,03,155,12:45:00,765,50.190887,-125.143416,94,7.8,15.7,25.75,9.3,9615.630000000001,893.73356086,0.12242729526582975,0.10207698459646668,none,100,1,NA
D07_U1738,U1738,DI,Central,D07,DE308,2016-06-09,2016,06,09,161,10:30:00,630,50.190683,-125.143138,99,7,14.55,26.25,4.5,3192.22,671.69904668,0.1716867469879518,0.02697482349204428,none,100,1,L_Shuswap
D07_U1737,U1737,DI,Central,D07,DE308,2016-06-09,2016,06,09,161,10:30:00,630,50.190683,-125.143138,92,8.7,14.55,26.25,4.5,3192.22,671.69904668,0.1716867469879518,0.02697482349204428,none,100,1,NA
D07_U1784,U1784,DI,Central,D07,DE308,2016-06-09,2016,06,09,161,10:30:00,630,50.190683,-125.143138,84,7.7,14.55,26.25,4.5,3192.22,671.69904668,0.1716867469879518,0.02697482349204428,none,100,1,NA
D07_U1785,U1785,DI,Central,D07,DE308,2016-06-09,2016,06,09,161,10:30:00,630,50.190683,-125.143138,92,8.4,14.55,26.25,4.5,3192.22,671.69904668,0.1716867469879518,0.02697482349204428,none,100,1,L_Shuswap
D07_U1739,U1739,DI,Central,D07,DE308,2016-06-09,2016,06,09,161,10:30:00,630,50.190683,-125.143138,91,8,14.55,26.25,4.5,3192.22,671.69904668,0.1716867469879518,0.02697482349204428,none,100,1,L_Shuswap
D07_U1783,U1783,DI,Central,D07,DE308,2016-06-09,2016,06,09,161,10:30:00,630,50.190683,-125.143138,90,8.2,14.55,26.25,4.5,3192.22,671.69904668,0.1716867469879518,0.02697482349204428,none,100,1,Scotch
D07_U1740,U1740,DI,Central,D07,DE308,2016-06-09,2016,06,09,161,10:30:00,630,50.190683,-125.143138,91,8.3,14.55,26.25,4.5,3192.22,671.69904668,0.1716867469879518,0.02697482349204428,none,100,1,NA
D07_U1781,U1781,DI,Central,D07,DE308,2016-06-09,2016,06,09,161,10:30:00,630,50.190683,-125.143138,93,8.9,14.55,26.25,4.5,3192.22,671.69904668,0.1716867469879518,0.02697482349204428,none,100,1,L_Shuswap
D07_U1782,U1782,DI,Central,D07,DE308,2016-06-09,2016,06,09,161,10:30:00,630,50.190683,-125.143138,110,10.4,14.55,26.25,4.5,3192.22,671.69904668,0.1716867469879518,0.02697482349204428,none,100,1,Chilko-North
D07_U1736,U1736,DI,Central,D07,DE308,2016-06-09,2016,06,09,161,10:30:00,630,50.190683,-125.143138,95,10.4,14.55,26.25,4.5,3192.22,671.69904668,0.1716867469879518,0.02697482349204428,none,100,1,Little
D07_U1487,U1487,DI,Central,D07,DE327,2016-06-16,2016,06,16,168,11:23:00,683,50.191383,-125.143884,90,7.4,17.15,24.95,8.5,2149.14,248.09285210000002,0.1090932344289551,0.006722689080769379,none,25,0,NA
D07_U1481,U1481,DI,Central,D07,DE327,2016-06-16,2016,06,16,168,11:23:00,683,50.191383,-125.143884,102,8.4,17.15,24.95,8.5,2149.14,248.09285210000002,0.1090932344289551,0.006722689080769379,none,25,0,Seymour
D07_U1482,U1482,DI,Central,D07,DE327,2016-06-16,2016,06,16,168,11:23:00,683,50.191383,-125.143884,97,8.1,17.15,24.95,8.5,2149.14,248.09285210000002,0.1090932344289551,0.006722689080769379,none,25,0,MiddleShuswap
D07_U1488,U1488,DI,Central,D07,DE327,2016-06-16,2016,06,16,168,11:23:00,683,50.191383,-125.143884,98,9.9,17.15,24.95,8.5,2149.14,248.09285210000002,0.1090932344289551,0.006722689080769379,none,25,0,Eagle_L
D07_U1479,U1479,DI,Central,D07,DE327,2016-06-16,2016,06,16,168,11:23:00,683,50.191383,-125.143884,101,10.6,17.15,24.95,8.5,2149.14,248.09285210000002,0.1090932344289551,0.006722689080769379,none,25,0,L_Shuswap
D07_U1486,U1486,DI,Central,D07,DE327,2016-06-16,2016,06,16,168,11:23:00,683,50.191383,-125.143884,97,9.3,17.15,24.95,8.5,2149.14,248.09285210000002,0.1090932344289551,0.006722689080769379,none,25,0,MiddleShuswap
D07_U1484,U1484,DI,Central,D07,DE327,2016-06-16,2016,06,16,168,11:23:00,683,50.191383,-125.143884,103,11.3,17.15,24.95,8.5,2149.14,248.09285210000002,0.1090932344289551,0.006722689080769379,none,25,0,Eagle_L
D07_U1485,U1485,DI,Central,D07,DE327,2016-06-16,2016,06,16,168,11:23:00,683,50.191383,-125.143884,88,6.7,17.15,24.95,8.5,2149.14,248.09285210000002,0.1090932344289551,0.006722689080769379,none,25,0,NA
D07_U1483,U1483,DI,Central,D07,DE327,2016-06-16,2016,06,16,168,11:23:00,683,50.191383,-125.143884,93,8.6,17.15,24.95,8.5,2149.14,248.09285210000002,0.1090932344289551,0.006722689080769379,none,25,0,NA
D07_U1480,U1480,DI,Central,D07,DE327,2016-06-16,2016,06,16,168,11:23:00,683,50.191383,-125.143884,94,8.5,17.15,24.95,8.5,2149.14,248.09285210000002,0.1090932344289551,0.006722689080769379,none,25,0,MiddleShuswap
J07_U1118,U1118,JS,South,J07,JE116,2015-05-26,2015,05,26,146,05:45:00,345,50.45622,-126.11838,103,13.3,9.9,28.5,15.5,981.9200000000001,67.017674055,2.7275561097256856e-4,0.020428015574386164,none,100,2,Mitchell
J07_U1184,U1184,JS,South,J07,JE116,2015-05-26,2015,05,26,146,05:45:00,345,50.45622,-126.11838,99,10.5,9.9,28.5,15.5,981.9200000000001,67.017674055,2.7275561097256856e-4,0.020428015574386164,none,100,2,Mitchell
J07_U1117,U1117,JS,South,J07,JE116,2015-05-26,2015,05,26,146,05:45:00,345,50.45622,-126.11838,109,12.8,9.9,28.5,15.5,981.9200000000001,67.017674055,2.7275561097256856e-4,0.020428015574386164,none,100,2,NA
J07_U749,U749,JS,South,J07,JE116,2015-05-26,2015,05,26,146,05:45:00,345,50.45622,-126.11838,109,16.8,9.9,28.5,15.5,981.9200000000001,67.017674055,2.7275561097256856e-4,0.020428015574386164,none,100,2,Mitchell
J07_U1381,U1381,JS,South,J07,JE116,2015-05-26,2015,05,26,146,05:45:00,345,50.45622,-126.11838,124,19.7,9.9,28.5,15.5,981.9200000000001,67.017674055,2.7275561097256856e-4,0.020428015574386164,none,100,2,Gates_Cr
J07_U1382,U1382,JS,South,J07,JE116,2015-05-26,2015,05,26,146,05:45:00,345,50.45622,-126.11838,108,12.7,9.9,28.5,15.5,981.9200000000001,67.017674055,2.7275561097256856e-4,0.020428015574386164,none,100,2,Middle
J07_U1185,U1185,JS,South,J07,JE116,2015-05-26,2015,05,26,146,05:45:00,345,50.45622,-126.11838,123,23.7,9.9,28.5,15.5,981.9200000000001,67.017674055,2.7275561097256856e-4,0.020428015574386164,none,100,2,Chilko
J07_U1371,U1371,JS,South,J07,JE116,2015-05-26,2015,05,26,146,05:45:00,345,50.45622,-126.11838,130,25.2,9.9,28.5,15.5,981.9200000000001,67.017674055,2.7275561097256856e-4,0.020428015574386164,none,100,2,Weaver
J07_U750,U750,JS,South,J07,JE116,2015-05-26,2015,05,26,146,05:45:00,345,50.45622,-126.11838,128,22.9,9.9,28.5,15.5,981.9200000000001,67.017674055,2.7275561097256856e-4,0.020428015574386164,none,100,2,Chilko
J07_U854,U854,JS,South,J07,JE152,2015-06-06,2015,06,06,157,06:20:00,380,50.45987,-126.16961,113,13.3,9.95,28.7,13.6,910.2,83.94083500699999,0.01547947002492457,0.08382888932547353,none,100,2,Chilko
J07_U855,U855,JS,South,J07,JE152,2015-06-06,2015,06,06,157,06:20:00,380,50.45987,-126.16961,115,13.1,9.95,28.7,13.6,910.2,83.94083500699999,0.01547947002492457,0.08382888932547353,none,100,2,Chilko
J07_U878,U878,JS,South,J07,JE152,2015-06-06,2015,06,06,157,06:20:00,380,50.45987,-126.16961,103,11.4,9.95,28.7,13.6,910.2,83.94083500699999,0.01547947002492457,0.08382888932547353,none,100,2,L_Adams
J07_U879,U879,JS,South,J07,JE152,2015-06-06,2015,06,06,157,06:20:00,380,50.45987,-126.16961,101,12,9.95,28.7,13.6,910.2,83.94083500699999,0.01547947002492457,0.08382888932547353,none,100,2,NA
J07_U917,U917,JS,South,J07,JE152,2015-06-06,2015,06,06,157,06:20:00,380,50.45987,-126.16961,113,14.9,9.95,28.7,13.6,910.2,83.94083500699999,0.01547947002492457,0.08382888932547353,none,100,2,L_Adams
J07_U931,U931,JS,South,J07,JE152,2015-06-06,2015,06,06,157,06:20:00,380,50.45987,-126.16961,121,14.6,9.95,28.7,13.6,910.2,83.94083500699999,0.01547947002492457,0.08382888932547353,none,100,2,Chilko
J07_U935,U935,JS,South,J07,JE152,2015-06-06,2015,06,06,157,06:20:00,380,50.45987,-126.16961,119,17.9,9.95,28.7,13.6,910.2,83.94083500699999,0.01547947002492457,0.08382888932547353,none,100,2,Chilko
J07_U916,U916,JS,South,J07,JE152,2015-06-06,2015,06,06,157,06:20:00,380,50.45987,-126.16961,108,12.1,9.95,28.7,13.6,910.2,83.94083500699999,0.01547947002492457,0.08382888932547353,none,100,2,L_Adams
J07_U934,U934,JS,South,J07,JE152,2015-06-06,2015,06,06,157,06:20:00,380,50.45987,-126.16961,117,19.8,9.95,28.7,13.6,910.2,83.94083500699999,0.01547947002492457,0.08382888932547353,none,100,2,Chilko
J07_U932,U932,JS,South,J07,JE152,2015-06-06,2015,06,06,157,06:20:00,380,50.45987,-126.16961,132,19.2,9.95,28.7,13.6,910.2,83.94083500699999,0.01547947002492457,0.08382888932547353,none,100,2,Chilko
J07_U933,U933,JS,South,J07,JE152,2015-06-06,2015,06,06,157,06:20:00,380,50.45987,-126.16961,118,17,9.95,28.7,13.6,910.2,83.94083500699999,0.01547947002492457,0.08382888932547353,none,100,2,L_Adams
J06_U944,U944,JS,North,J06,JE154,2015-06-07,2015,06,07,158,05:05:00,305,50.47794,-126.02803,111,11.6,9.850000000000001,28.55,12.2,721.12,106.386588316,0.05436019191769303,0.3333333333599331,none,0,2,NA
J06_U945,U945,JS,North,J06,JE154,2015-06-07,2015,06,07,158,05:05:00,305,50.47794,-126.02803,123,15.8,9.850000000000001,28.55,12.2,721.12,106.386588316,0.05436019191769303,0.3333333333599331,none,0,2,NA
J06_U956,U956,JS,North,J06,JE154,2015-06-07,2015,06,07,158,05:05:00,305,50.47794,-126.02803,98,13,9.850000000000001,28.55,12.2,721.12,106.386588316,0.05436019191769303,0.3333333333599331,none,0,2,Quesnel_Mitche
J06_U957,U957,JS,North,J06,JE154,2015-06-07,2015,06,07,158,05:05:00,305,50.47794,-126.02803,123,15.8,9.850000000000001,28.55,12.2,721.12,106.386588316,0.05436019191769303,0.3333333333599331,none,0,2,NA
J06_U969,U969,JS,North,J06,JE154,2015-06-07,2015,06,07,158,05:05:00,305,50.47794,-126.02803,105,13,9.850000000000001,28.55,12.2,721.12,106.386588316,0.05436019191769303,0.3333333333599331,none,0,2,Chilko
J06_U970,U970,JS,North,J06,JE154,2015-06-07,2015,06,07,158,05:05:00,305,50.47794,-126.02803,107,10.2,9.850000000000001,28.55,12.2,721.12,106.386588316,0.05436019191769303,0.3333333333599331,none,0,2,Gates_Cr
J06_U982,U982,JS,North,J06,JE154,2015-06-07,2015,06,07,158,05:05:00,305,50.47794,-126.02803,115,15.6,9.850000000000001,28.55,12.2,721.12,106.386588316,0.05436019191769303,0.3333333333599331,none,0,2,NA
J06_U983,U983,JS,North,J06,JE154,2015-06-07,2015,06,07,158,05:05:00,305,50.47794,-126.02803,105,10.6,9.850000000000001,28.55,12.2,721.12,106.386588316,0.05436019191769303,0.3333333333599331,none,0,2,NA
J06_U984,U984,JS,North,J06,JE154,2015-06-07,2015,06,07,158,05:05:00,305,50.47794,-126.02803,111,12,9.850000000000001,28.55,12.2,721.12,106.386588316,0.05436019191769303,0.3333333333599331,none,0,2,NA
J06_U991,U991,JS,North,J06,JE154,2015-06-07,2015,06,07,158,05:05:00,305,50.47794,-126.02803,113,12.3,9.850000000000001,28.55,12.2,721.12,106.386588316,0.05436019191769303,0.3333333333599331,none,0,2,NA
J08_U1322,U1322,JS,South,J08,JE157,2015-06-07,2015,06,07,158,11:00:00,660,50.47923,-126.41485,98,8.2,10.75,28.5,11.8,2683.68,244.442842927,0.010053964486441703,0.09801366830836197,none,0,2,NA
J08_U1289,U1289,JS,South,J08,JE157,2015-06-07,2015,06,07,158,11:00:00,660,50.47923,-126.41485,101,11.2,10.75,28.5,11.8,2683.68,244.442842927,0.010053964486441703,0.09801366830836197,none,0,2,Chilko
J08_U1323,U1323,JS,South,J08,JE157,2015-06-07,2015,06,07,158,11:00:00,660,50.47923,-126.41485,113,13,10.75,28.5,11.8,2683.68,244.442842927,0.010053964486441703,0.09801366830836197,none,0,2,Chilko
J08_U1304,U1304,JS,South,J08,JE157,2015-06-07,2015,06,07,158,11:00:00,660,50.47923,-126.41485,116,16.6,10.75,28.5,11.8,2683.68,244.442842927,0.010053964486441703,0.09801366830836197,none,0,2,Chilko
J08_U1321,U1321,JS,South,J08,JE157,2015-06-07,2015,06,07,158,11:00:00,660,50.47923,-126.41485,118,15.7,10.75,28.5,11.8,2683.68,244.442842927,0.010053964486441703,0.09801366830836197,none,0,2,NA
J08_U1290,U1290,JS,South,J08,JE157,2015-06-07,2015,06,07,158,11:00:00,660,50.47923,-126.41485,95,10.9,10.75,28.5,11.8,2683.68,244.442842927,0.010053964486441703,0.09801366830836197,none,0,2,Chilko
J08_U1314,U1314,JS,South,J08,JE157,2015-06-07,2015,06,07,158,11:00:00,660,50.47923,-126.41485,94,8.8,10.75,28.5,11.8,2683.68,244.442842927,0.010053964486441703,0.09801366830836197,none,0,2,Pitt
J08_U1305,U1305,JS,South,J08,JE157,2015-06-07,2015,06,07,158,11:00:00,660,50.47923,-126.41485,109,10.7,10.75,28.5,11.8,2683.68,244.442842927,0.010053964486441703,0.09801366830836197,none,0,2,NA
J08_U1306,U1306,JS,South,J08,JE157,2015-06-07,2015,06,07,158,11:00:00,660,50.47923,-126.41485,110,12.2,10.75,28.5,11.8,2683.68,244.442842927,0.010053964486441703,0.09801366830836197,none,0,2,Chilko
J08_U1293,U1293,JS,South,J08,JE157,2015-06-07,2015,06,07,158,11:00:00,660,50.47923,-126.41485,119,15.5,10.75,28.5,11.8,2683.68,244.442842927,0.010053964486441703,0.09801366830836197,none,0,2,Seymour
J09_U1018,U1018,JS,South,J09,JE159,2015-06-07,2015,06,07,158,14:35:00,875,50.539,-126.7781,102,10,11.65,28.7,13.9,2680.38,903.5341032,0.10744077410744077,0.6778765551082079,none,0,1,Gates_Cr
J09_U1023,U1023,JS,South,J09,JE159,2015-06-07,2015,06,07,158,14:35:00,875,50.539,-126.7781,106,11.8,11.65,28.7,13.9,2680.38,903.5341032,0.10744077410744077,0.6778765551082079,none,0,1,L_Adams
J09_U1019,U1019,JS,South,J09,JE159,2015-06-07,2015,06,07,158,14:35:00,875,50.539,-126.7781,96,9.1,11.65,28.7,13.9,2680.38,903.5341032,0.10744077410744077,0.6778765551082079,none,0,1,Pitt
J09_U1020,U1020,JS,South,J09,JE159,2015-06-07,2015,06,07,158,14:35:00,875,50.539,-126.7781,121,16.8,11.65,28.7,13.9,2680.38,903.5341032,0.10744077410744077,0.6778765551082079,none,0,1,Middle
J09_U1025,U1025,JS,South,J09,JE159,2015-06-07,2015,06,07,158,14:35:00,875,50.539,-126.7781,110,13.2,11.65,28.7,13.9,2680.38,903.5341032,0.10744077410744077,0.6778765551082079,none,0,1,L_Adams
J09_U1024,U1024,JS,South,J09,JE159,2015-06-07,2015,06,07,158,14:35:00,875,50.539,-126.7781,110,14.8,11.65,28.7,13.9,2680.38,903.5341032,0.10744077410744077,0.6778765551082079,none,0,1,Chilko
J09_U1027,U1027,JS,South,J09,JE159,2015-06-07,2015,06,07,158,14:35:00,875,50.539,-126.7781,116,14.3,11.65,28.7,13.9,2680.38,903.5341032,0.10744077410744077,0.6778765551082079,none,0,1,NA
J09_U1042,U1042,JS,South,J09,JE159,2015-06-07,2015,06,07,158,14:35:00,875,50.539,-126.7781,106,12.1,11.65,28.7,13.9,2680.38,903.5341032,0.10744077410744077,0.6778765551082079,none,0,1,Seymour
J09_U1043,U1043,JS,South,J09,JE159,2015-06-07,2015,06,07,158,14:35:00,875,50.539,-126.7781,100,11.8,11.65,28.7,13.9,2680.38,903.5341032,0.10744077410744077,0.6778765551082079,none,0,1,Pitt
J09_U1044,U1044,JS,South,J09,JE159,2015-06-07,2015,06,07,158,14:35:00,875,50.539,-126.7781,111,15.1,11.65,28.7,13.9,2680.38,903.5341032,0.10744077410744077,0.6778765551082079,none,0,1,Chilko
J09_U1026,U1026,JS,South,J09,JE159,2015-06-07,2015,06,07,158,14:35:00,875,50.539,-126.7781,102,11,11.65,28.7,13.9,2680.38,903.5341032,0.10744077410744077,0.6778765551082079,none,0,1,Chilko
J04_U1228,U1228,JS,North,J04,JE160,2015-06-08,2015,06,08,159,06:05:00,365,50.52411,-126.39107,107,12.4,9.95,28.75,13.2,735.91,143.48795318,0.05609804309152006,0.5014699620792236,light,100,1,Chilko
J04_U1229,U1229,JS,North,J04,JE160,2015-06-08,2015,06,08,159,06:05:00,365,50.52411,-126.39107,115,16.4,9.95,28.75,13.2,735.91,143.48795318,0.05609804309152006,0.5014699620792236,light,100,1,Quesnel_Horsef
J04_U1230,U1230,JS,North,J04,JE160,2015-06-08,2015,06,08,159,06:05:00,365,50.52411,-126.39107,114,16.8,9.95,28.75,13.2,735.91,143.48795318,0.05609804309152006,0.5014699620792236,light,100,1,Narrows
J04_U1257,U1257,JS,North,J04,JE160,2015-06-08,2015,06,08,159,06:05:00,365,50.52411,-126.39107,112,15.9,9.95,28.75,13.2,735.91,143.48795318,0.05609804309152006,0.5014699620792236,light,100,1,L_Shuswap
J04_U1261,U1261,JS,North,J04,JE160,2015-06-08,2015,06,08,159,06:05:00,365,50.52411,-126.39107,115,18.6,9.95,28.75,13.2,735.91,143.48795318,0.05609804309152006,0.5014699620792236,light,100,1,Chilko
J04_U1262,U1262,JS,North,J04,JE160,2015-06-08,2015,06,08,159,06:05:00,365,50.52411,-126.39107,110,15.7,9.95,28.75,13.2,735.91,143.48795318,0.05609804309152006,0.5014699620792236,light,100,1,Gates_Cr
J04_U1244,U1244,JS,North,J04,JE160,2015-06-08,2015,06,08,159,06:05:00,365,50.52411,-126.39107,108,13.9,9.95,28.75,13.2,735.91,143.48795318,0.05609804309152006,0.5014699620792236,light,100,1,Quesnel_Horsef
J04_U1245,U1245,JS,North,J04,JE160,2015-06-08,2015,06,08,159,06:05:00,365,50.52411,-126.39107,108,13.4,9.95,28.75,13.2,735.91,143.48795318,0.05609804309152006,0.5014699620792236,light,100,1,NA
J04_U1246,U1246,JS,North,J04,JE160,2015-06-08,2015,06,08,159,06:05:00,365,50.52411,-126.39107,106,14.2,9.95,28.75,13.2,735.91,143.48795318,0.05609804309152006,0.5014699620792236,light,100,1,NA
J04_U1256,U1256,JS,North,J04,JE160,2015-06-08,2015,06,08,159,06:05:00,365,50.52411,-126.39107,112,16.3,9.95,28.75,13.2,735.91,143.48795318,0.05609804309152006,0.5014699620792236,light,100,1,Quesnel_Horsef
J02_U1240,U1240,JS,North,J02,JE163,2015-06-09,2015,06,09,160,07:00:00,420,50.59537,-126.69062,117,17.9,9.5,29.1,9.1,1252.01,166.87657419800001,0.05223463687150838,0.200838281580697,none,100,1,Narrows
J02_U1239,U1239,JS,North,J02,JE163,2015-06-09,2015,06,09,160,07:00:00,420,50.59537,-126.69062,111,14.4,9.5,29.1,9.1,1252.01,166.87657419800001,0.05223463687150838,0.200838281580697,none,100,1,Mitchell
J02_U1268,U1268,JS,North,J02,JE163,2015-06-09,2015,06,09,160,07:00:00,420,50.59537,-126.69062,110,15.2,9.5,29.1,9.1,1252.01,166.87657419800001,0.05223463687150838,0.200838281580697,none,100,1,Scotch
J02_U1278,U1278,JS,North,J02,JE163,2015-06-09,2015,06,09,160,07:00:00,420,50.59537,-126.69062,99,14.2,9.5,29.1,9.1,1252.01,166.87657419800001,0.05223463687150838,0.200838281580697,none,100,1,Stellako
J02_U1269,U1269,JS,North,J02,JE163,2015-06-09,2015,06,09,160,07:00:00,420,50.59537,-126.69062,103,13.6,9.5,29.1,9.1,1252.01,166.87657419800001,0.05223463687150838,0.200838281580697,none,100,1,Chilko
J02_U1279,U1279,JS,North,J02,JE163,2015-06-09,2015,06,09,160,07:00:00,420,50.59537,-126.69062,101,11.8,9.5,29.1,9.1,1252.01,166.87657419800001,0.05223463687150838,0.200838281580697,none,100,1,Birkenhead
J02_U1287,U1287,JS,North,J02,JE163,2015-06-09,2015,06,09,160,07:00:00,420,50.59537,-126.69062,113,16.6,9.5,29.1,9.1,1252.01,166.87657419800001,0.05223463687150838,0.200838281580697,none,100,1,Stellako
J02_U1280,U1280,JS,North,J02,JE163,2015-06-09,2015,06,09,160,07:00:00,420,50.59537,-126.69062,114,17.8,9.5,29.1,9.1,1252.01,166.87657419800001,0.05223463687150838,0.200838281580697,none,100,1,Scotch
J02_U1291,U1291,JS,North,J02,JE163,2015-06-09,2015,06,09,160,07:00:00,420,50.59537,-126.69062,104,12.1,9.5,29.1,9.1,1252.01,166.87657419800001,0.05223463687150838,0.200838281580697,none,100,1,Mitchell
J02_U1277,U1277,JS,North,J02,JE163,2015-06-09,2015,06,09,160,07:00:00,420,50.59537,-126.69062,118,20.2,9.5,29.1,9.1,1252.01,166.87657419800001,0.05223463687150838,0.200838281580697,none,100,1,NA
J07_U735,U735,JS,South,J07,JE173,2015-06-14,2015,06,14,165,11:20:00,680,50.45698,-126.16944,124,20.3,10.4,28.85,12,2475.06,211.311651661,0.0020716548866682913,0.07402583500740773,none,25,1,Pitt
J07_U736,U736,JS,South,J07,JE173,2015-06-14,2015,06,14,165,11:20:00,680,50.45698,-126.16944,109,22.5,10.4,28.85,12,2475.06,211.311651661,0.0020716548866682913,0.07402583500740773,none,25,1,Chilko
J07_U763,U763,JS,South,J07,JE173,2015-06-14,2015,06,14,165,11:20:00,680,50.45698,-126.16944,117,16.5,10.4,28.85,12,2475.06,211.311651661,0.0020716548866682913,0.07402583500740773,none,25,1,NA
J07_U764,U764,JS,South,J07,JE173,2015-06-14,2015,06,14,165,11:20:00,680,50.45698,-126.16944,112,15.9,10.4,28.85,12,2475.06,211.311651661,0.0020716548866682913,0.07402583500740773,none,25,1,Pitt
J07_U738,U738,JS,South,J07,JE173,2015-06-14,2015,06,14,165,11:20:00,680,50.45698,-126.16944,116,18.3,10.4,28.85,12,2475.06,211.311651661,0.0020716548866682913,0.07402583500740773,none,25,1,Chilko
J07_U762,U762,JS,South,J07,JE173,2015-06-14,2015,06,14,165,11:20:00,680,50.45698,-126.16944,103,11.6,10.4,28.85,12,2475.06,211.311651661,0.0020716548866682913,0.07402583500740773,none,25,1,Pitt
J07_U786,U786,JS,South,J07,JE173,2015-06-14,2015,06,14,165,11:20:00,680,50.45698,-126.16944,113,12.7,10.4,28.85,12,2475.06,211.311651661,0.0020716548866682913,0.07402583500740773,none,25,1,Scotch
J07_U787,U787,JS,South,J07,JE173,2015-06-14,2015,06,14,165,11:20:00,680,50.45698,-126.16944,117,19.1,10.4,28.85,12,2475.06,211.311651661,0.0020716548866682913,0.07402583500740773,none,25,1,Chilko
J07_U737,U737,JS,South,J07,JE173,2015-06-14,2015,06,14,165,11:20:00,680,50.45698,-126.16944,114,18.5,10.4,28.85,12,2475.06,211.311651661,0.0020716548866682913,0.07402583500740773,none,25,1,Chilko
J07_U785,U785,JS,South,J07,JE173,2015-06-14,2015,06,14,165,11:20:00,680,50.45698,-126.16944,113,18.3,10.4,28.85,12,2475.06,211.311651661,0.0020716548866682913,0.07402583500740773,none,25,1,Chilko
J07_U765,U765,JS,South,J07,JE173,2015-06-14,2015,06,14,165,11:20:00,680,50.45698,-126.16944,123,21.7,10.4,28.85,12,2475.06,211.311651661,0.0020716548866682913,0.07402583500740773,none,25,1,Chilko
J07_U1155,U1155,JS,South,J07,JE195,2015-06-20,2015,06,20,171,15:30:00,930,50.45804,-126.16997,115,17.2,11.05,28.85,NA,1075.77,424.809541517,0.023262131965904848,0.13925205233626672,none,25,1,Birkenhead
J07_U1160,U1160,JS,South,J07,JE195,2015-06-20,2015,06,20,171,15:30:00,930,50.45804,-126.16997,121,20.4,11.05,28.85,NA,1075.77,424.809541517,0.023262131965904848,0.13925205233626672,none,25,1,Quesnel_Mitche
J07_U1156,U1156,JS,South,J07,JE195,2015-06-20,2015,06,20,171,15:30:00,930,50.45804,-126.16997,106,13.3,11.05,28.85,NA,1075.77,424.809541517,0.023262131965904848,0.13925205233626672,none,25,1,Phillips
J07_U1157,U1157,JS,South,J07,JE195,2015-06-20,2015,06,20,171,15:30:00,930,50.45804,-126.16997,106,15.1,11.05,28.85,NA,1075.77,424.809541517,0.023262131965904848,0.13925205233626672,none,25,1,Chilko_south
J07_U1164,U1164,JS,South,J07,JE195,2015-06-20,2015,06,20,171,15:30:00,930,50.45804,-126.16997,115,19,11.05,28.85,NA,1075.77,424.809541517,0.023262131965904848,0.13925205233626672,none,25,1,Wasko_Cr
J07_U1168,U1168,JS,South,J07,JE195,2015-06-20,2015,06,20,171,15:30:00,930,50.45804,-126.16997,115,13.8,11.05,28.85,NA,1075.77,424.809541517,0.023262131965904848,0.13925205233626672,none,25,1,Quesnel_Mitche
J07_U1169,U1169,JS,South,J07,JE195,2015-06-20,2015,06,20,171,15:30:00,930,50.45804,-126.16997,126,20.2,11.05,28.85,NA,1075.77,424.809541517,0.023262131965904848,0.13925205233626672,none,25,1,NA
J07_U1173,U1173,JS,South,J07,JE195,2015-06-20,2015,06,20,171,15:30:00,930,50.45804,-126.16997,120,18.6,11.05,28.85,NA,1075.77,424.809541517,0.023262131965904848,0.13925205233626672,none,25,1,Scotch
J07_U1191,U1191,JS,South,J07,JE195,2015-06-20,2015,06,20,171,15:30:00,930,50.45804,-126.16997,128,23,11.05,28.85,NA,1075.77,424.809541517,0.023262131965904848,0.13925205233626672,none,25,1,Chilko_south
J07_U1193,U1193,JS,South,J07,JE195,2015-06-20,2015,06,20,171,15:30:00,930,50.45804,-126.16997,110,14.5,11.05,28.85,NA,1075.77,424.809541517,0.023262131965904848,0.13925205233626672,none,25,1,Blackwater
J07_U632,U632,JS,South,J07,JE213,2015-06-29,2015,06,29,180,08:40:00,520,50.45942,-126.16916,116,18.1,10.8,28.85,NA,4002.44,287.75084716,0.0060740763293702146,0.045123448942550805,none,100,0,NA
J07_U580,U580,JS,South,J07,JE213,2015-06-29,2015,06,29,180,08:40:00,520,50.45942,-126.16916,119,19.8,10.8,28.85,NA,4002.44,287.75084716,0.0060740763293702146,0.045123448942550805,none,100,0,Quesnel_Horsef
J07_U594,U594,JS,South,J07,JE213,2015-06-29,2015,06,29,180,08:40:00,520,50.45942,-126.16916,128,24.1,10.8,28.85,NA,4002.44,287.75084716,0.0060740763293702146,0.045123448942550805,none,100,0,Mitchell
J07_U579,U579,JS,South,J07,JE213,2015-06-29,2015,06,29,180,08:40:00,520,50.45942,-126.16916,108,15.1,10.8,28.85,NA,4002.44,287.75084716,0.0060740763293702146,0.045123448942550805,none,100,0,Portage_Cr
J07_U633,U633,JS,South,J07,JE213,2015-06-29,2015,06,29,180,08:40:00,520,50.45942,-126.16916,114,16.3,10.8,28.85,NA,4002.44,287.75084716,0.0060740763293702146,0.045123448942550805,none,100,0,Portage_Cr
J07_U631,U631,JS,South,J07,JE213,2015-06-29,2015,06,29,180,08:40:00,520,50.45942,-126.16916,128,NA,10.8,28.85,NA,4002.44,287.75084716,0.0060740763293702146,0.045123448942550805,none,100,0,Chilko
J07_U596,U596,JS,South,J07,JE213,2015-06-29,2015,06,29,180,08:40:00,520,50.45942,-126.16916,125,18.9,10.8,28.85,NA,4002.44,287.75084716,0.0060740763293702146,0.045123448942550805,none,100,0,NA
J07_U595,U595,JS,South,J07,JE213,2015-06-29,2015,06,29,180,08:40:00,520,50.45942,-126.16916,124,21.3,10.8,28.85,NA,4002.44,287.75084716,0.0060740763293702146,0.045123448942550805,none,100,0,Chilko
J07_U611,U611,JS,South,J07,JE213,2015-06-29,2015,06,29,180,08:40:00,520,50.45942,-126.16916,123,21,10.8,28.85,NA,4002.44,287.75084716,0.0060740763293702146,0.045123448942550805,none,100,0,NA
J07_U612,U612,JS,South,J07,JE213,2015-06-29,2015,06,29,180,08:40:00,520,50.45942,-126.16916,126,21.6,10.8,28.85,NA,4002.44,287.75084716,0.0060740763293702146,0.045123448942550805,none,100,0,Mitchell
J07_U2160,U2160,JS,South,J07,JE234,2016-05-21,2016,05,21,142,08:58:00,538,50.458043,-126.152637,NA,8.7,10,29.2,NA,NA,NA,NA,NA,none,0,1,NA
J07_U2262,U2262,JS,South,J07,JE234,2016-05-21,2016,05,21,142,08:58:00,538,50.458043,-126.152637,NA,9.2,10,29.2,NA,NA,NA,NA,NA,none,0,1,NA
J07_U2430,U2430,JS,South,J07,JE234,2016-05-21,2016,05,21,142,08:58:00,538,50.458043,-126.152637,NA,8.9,10,29.2,NA,NA,NA,NA,NA,none,0,1,Seymour
J07_U2431,U2431,JS,South,J07,JE234,2016-05-21,2016,05,21,142,08:58:00,538,50.458043,-126.152637,118,14.3,10,29.2,NA,NA,NA,NA,NA,none,0,1,Stellako
J07_U2432,U2432,JS,South,J07,JE234,2016-05-21,2016,05,21,142,08:58:00,538,50.458043,-126.152637,92,7.7,10,29.2,NA,NA,NA,NA,NA,none,0,1,NA
J07_U2159,U2159,JS,South,J07,JE234,2016-05-21,2016,05,21,142,08:58:00,538,50.458043,-126.152637,NA,11.7,10,29.2,NA,NA,NA,NA,NA,none,0,1,NA
J07_U2435,U2435,JS,South,J07,JE234,2016-05-21,2016,05,21,142,08:58:00,538,50.458043,-126.152637,NA,8.6,10,29.2,NA,NA,NA,NA,NA,none,0,1,Blue_Lead_Ck
J07_U2434,U2434,JS,South,J07,JE234,2016-05-21,2016,05,21,142,08:58:00,538,50.458043,-126.152637,97,7.1,10,29.2,NA,NA,NA,NA,NA,none,0,1,NA
J07_U2433,U2433,JS,South,J07,JE234,2016-05-21,2016,05,21,142,08:58:00,538,50.458043,-126.152637,96,7.6,10,29.2,NA,NA,NA,NA,NA,none,0,1,L_Shuswap
J07_U2261,U2261,JS,South,J07,JE234,2016-05-21,2016,05,21,142,08:58:00,538,50.458043,-126.152637,NA,12.7,10,29.2,NA,NA,NA,NA,NA,none,0,1,NA
J07_U1649,U1649,JS,South,J07,JE246,2016-05-27,2016,05,27,148,07:55:00,475,50.4559,-126.1191,90,7.7,10,31.4,8,8065.03,364.247646027,0.004423355316068843,0.018846085353949427,none,50,3,Chilko
J07_U1651,U1651,JS,South,J07,JE246,2016-05-27,2016,05,27,148,07:55:00,475,50.4559,-126.1191,85,7.2,10,31.4,8,8065.03,364.247646027,0.004423355316068843,0.018846085353949427,none,50,3,Chilko
J07_U1639,U1639,JS,South,J07,JE246,2016-05-27,2016,05,27,148,07:55:00,475,50.4559,-126.1191,98,7.1,10,31.4,8,8065.03,364.247646027,0.004423355316068843,0.018846085353949427,none,50,3,NA
J07_U1647,U1647,JS,South,J07,JE246,2016-05-27,2016,05,27,148,07:55:00,475,50.4559,-126.1191,88,7.1,10,31.4,8,8065.03,364.247646027,0.004423355316068843,0.018846085353949427,none,50,3,NA
J07_U1638,U1638,JS,South,J07,JE246,2016-05-27,2016,05,27,148,07:55:00,475,50.4559,-126.1191,99,7.7,10,31.4,8,8065.03,364.247646027,0.004423355316068843,0.018846085353949427,none,50,3,NA
J07_U1640,U1640,JS,South,J07,JE246,2016-05-27,2016,05,27,148,07:55:00,475,50.4559,-126.1191,90,5.9,10,31.4,8,8065.03,364.247646027,0.004423355316068843,0.018846085353949427,none,50,3,L_Shuswap
J07_U1652,U1652,JS,South,J07,JE246,2016-05-27,2016,05,27,148,07:55:00,475,50.4559,-126.1191,94,7.9,10,31.4,8,8065.03,364.247646027,0.004423355316068843,0.018846085353949427,none,50,3,Quesnel_Horsef
J07_U1646,U1646,JS,South,J07,JE246,2016-05-27,2016,05,27,148,07:55:00,475,50.4559,-126.1191,90,6.8,10,31.4,8,8065.03,364.247646027,0.004423355316068843,0.018846085353949427,none,50,3,Scotch
J07_U1648,U1648,JS,South,J07,JE246,2016-05-27,2016,05,27,148,07:55:00,475,50.4559,-126.1191,92,7.3,10,31.4,8,8065.03,364.247646027,0.004423355316068843,0.018846085353949427,none,50,3,L_Shuswap
J07_U1653,U1653,JS,South,J07,JE246,2016-05-27,2016,05,27,148,07:55:00,475,50.4559,-126.1191,88,7.8,10,31.4,8,8065.03,364.247646027,0.004423355316068843,0.018846085353949427,none,50,3,Quesnel_Horsef
J07_U2300,U2300,JS,South,J07,JE258,2016-06-03,2016,06,03,155,16:22:00,982,50.459012,-126.1695,101,9.2,10.149999999999999,31.5,12,409.40999999999997,894.038994558,0.016203443231686734,0.004309340786987253,none,100,2,L_Shuswap
J07_U2413,U2413,JS,South,J07,JE258,2016-06-03,2016,06,03,155,16:22:00,982,50.459012,-126.1695,98,9.2,10.149999999999999,31.5,12,409.40999999999997,894.038994558,0.016203443231686734,0.004309340786987253,none,100,2,L_Adams
J07_U2416,U2416,JS,South,J07,JE258,2016-06-03,2016,06,03,155,16:22:00,982,50.459012,-126.1695,106,10.7,10.149999999999999,31.5,12,409.40999999999997,894.038994558,0.016203443231686734,0.004309340786987253,none,100,2,Mitchell
J07_U2414,U2414,JS,South,J07,JE258,2016-06-03,2016,06,03,155,16:22:00,982,50.459012,-126.1695,102,9.4,10.149999999999999,31.5,12,409.40999999999997,894.038994558,0.016203443231686734,0.004309340786987253,none,100,2,NA
J07_U2415,U2415,JS,South,J07,JE258,2016-06-03,2016,06,03,155,16:22:00,982,50.459012,-126.1695,96,7.9,10.149999999999999,31.5,12,409.40999999999997,894.038994558,0.016203443231686734,0.004309340786987253,none,100,2,L_Adams
J07_U2418,U2418,JS,South,J07,JE258,2016-06-03,2016,06,03,155,16:22:00,982,50.459012,-126.1695,111,11.8,10.149999999999999,31.5,12,409.40999999999997,894.038994558,0.016203443231686734,0.004309340786987253,none,100,2,L_Adams
J07_U2411,U2411,JS,South,J07,JE258,2016-06-03,2016,06,03,155,16:22:00,982,50.459012,-126.1695,97,9.2,10.149999999999999,31.5,12,409.40999999999997,894.038994558,0.016203443231686734,0.004309340786987253,none,100,2,Seymour
J07_U2419,U2419,JS,South,J07,JE258,2016-06-03,2016,06,03,155,16:22:00,982,50.459012,-126.1695,95,8,10.149999999999999,31.5,12,409.40999999999997,894.038994558,0.016203443231686734,0.004309340786987253,none,100,2,L_Shuswap
J07_U2412,U2412,JS,South,J07,JE258,2016-06-03,2016,06,03,155,16:22:00,982,50.459012,-126.1695,111,13.8,10.149999999999999,31.5,12,409.40999999999997,894.038994558,0.016203443231686734,0.004309340786987253,none,100,2,NA
J07_U2417,U2417,JS,South,J07,JE258,2016-06-03,2016,06,03,155,16:22:00,982,50.459012,-126.1695,90,7.2,10.149999999999999,31.5,12,409.40999999999997,894.038994558,0.016203443231686734,0.004309340786987253,none,100,2,Quesnel_Horsef
J07_U1466,U1466,JS,South,J07,JE270,2016-06-11,2016,06,11,163,08:47:00,527,50.456683,-126.153895,121,12.3,10,30.8,12.5,445.09000000000003,92.502752201,0.023993144815766924,0.17793376041260478,none,100,1,Quesnel_Horsef
J07_U1503,U1503,JS,South,J07,JE270,2016-06-11,2016,06,11,163,08:47:00,527,50.456683,-126.153895,102,10.4,10,30.8,12.5,445.09000000000003,92.502752201,0.023993144815766924,0.17793376041260478,none,100,1,NA
J07_U1502,U1502,JS,South,J07,JE270,2016-06-11,2016,06,11,163,08:47:00,527,50.456683,-126.153895,94,8.4,10,30.8,12.5,445.09000000000003,92.502752201,0.023993144815766924,0.17793376041260478,none,100,1,NA
J07_U1465,U1465,JS,South,J07,JE270,2016-06-11,2016,06,11,163,08:47:00,527,50.456683,-126.153895,117,10.8,10,30.8,12.5,445.09000000000003,92.502752201,0.023993144815766924,0.17793376041260478,none,100,1,L_Shuswap
J07_U1468,U1468,JS,South,J07,JE270,2016-06-11,2016,06,11,163,08:47:00,527,50.456683,-126.153895,115,10.9,10,30.8,12.5,445.09000000000003,92.502752201,0.023993144815766924,0.17793376041260478,none,100,1,L_Adams
J07_U1467,U1467,JS,South,J07,JE270,2016-06-11,2016,06,11,163,08:47:00,527,50.456683,-126.153895,125,14.4,10,30.8,12.5,445.09000000000003,92.502752201,0.023993144815766924,0.17793376041260478,none,100,1,Hudson_Bay
J07_U1500,U1500,JS,South,J07,JE270,2016-06-11,2016,06,11,163,08:47:00,527,50.456683,-126.153895,97,10.1,10,30.8,12.5,445.09000000000003,92.502752201,0.023993144815766924,0.17793376041260478,none,100,1,L_Shuswap
J07_U1501,U1501,JS,South,J07,JE270,2016-06-11,2016,06,11,163,08:47:00,527,50.456683,-126.153895,102,11.8,10,30.8,12.5,445.09000000000003,92.502752201,0.023993144815766924,0.17793376041260478,none,100,1,NA
J07_U1469,U1469,JS,South,J07,JE270,2016-06-11,2016,06,11,163,08:47:00,527,50.456683,-126.153895,106,9.3,10,30.8,12.5,445.09000000000003,92.502752201,0.023993144815766924,0.17793376041260478,none,100,1,Chilko
J07_U1499,U1499,JS,South,J07,JE270,2016-06-11,2016,06,11,163,08:47:00,527,50.456683,-126.153895,101,11.6,10,30.8,12.5,445.09000000000003,92.502752201,0.023993144815766924,0.17793376041260478,none,100,1,Quesnel_Horsef
J07_U2091,U2091,JS,South,J07,JE283,2016-06-20,2016,06,20,172,05:47:00,347,50.455728,-126.116461,113,13.1,10.3,30.549999999999997,12.5,1034.18,1021.6519075069999,0.024697710316439414,0.14922894420970823,none,0,0,Little
J07_U1422,U1422,JS,South,J07,JE283,2016-06-20,2016,06,20,172,05:47:00,347,50.455728,-126.116461,111,15,10.3,30.549999999999997,12.5,1034.18,1021.6519075069999,0.024697710316439414,0.14922894420970823,none,0,0,NA
J07_U2092,U2092,JS,South,J07,JE283,2016-06-20,2016,06,20,172,05:47:00,347,50.455728,-126.116461,108,13.2,10.3,30.549999999999997,12.5,1034.18,1021.6519075069999,0.024697710316439414,0.14922894420970823,none,0,0,L_Shuswap
J07_U1441,U1441,JS,South,J07,JE283,2016-06-20,2016,06,20,172,05:47:00,347,50.455728,-126.116461,114,11.2,10.3,30.549999999999997,12.5,1034.18,1021.6519075069999,0.024697710316439414,0.14922894420970823,none,0,0,NA
J07_U1423,U1423,JS,South,J07,JE283,2016-06-20,2016,06,20,172,05:47:00,347,50.455728,-126.116461,112,12.9,10.3,30.549999999999997,12.5,1034.18,1021.6519075069999,0.024697710316439414,0.14922894420970823,none,0,0,NA
J07_U2094,U2094,JS,South,J07,JE283,2016-06-20,2016,06,20,172,05:47:00,347,50.455728,-126.116461,119,14.9,10.3,30.549999999999997,12.5,1034.18,1021.6519075069999,0.024697710316439414,0.14922894420970823,none,0,0,NA
J07_U2095,U2095,JS,South,J07,JE283,2016-06-20,2016,06,20,172,05:47:00,347,50.455728,-126.116461,103,10.6,10.3,30.549999999999997,12.5,1034.18,1021.6519075069999,0.024697710316439414,0.14922894420970823,none,0,0,NA
J07_U2093,U2093,JS,South,J07,JE283,2016-06-20,2016,06,20,172,05:47:00,347,50.455728,-126.116461,115,15.2,10.3,30.549999999999997,12.5,1034.18,1021.6519075069999,0.024697710316439414,0.14922894420970823,none,0,0,L_Shuswap
J07_U2029,U2029,JS,South,J07,JE283,2016-06-20,2016,06,20,172,05:47:00,347,50.455728,-126.116461,114,16.9,10.3,30.549999999999997,12.5,1034.18,1021.6519075069999,0.024697710316439414,0.14922894420970823,none,0,0,Horsefly
J07_U1424,U1424,JS,South,J07,JE283,2016-06-20,2016,06,20,172,05:47:00,347,50.455728,-126.116461,128,14.5,10.3,30.549999999999997,12.5,1034.18,1021.6519075069999,0.024697710316439414,0.14922894420970823,none,0,0,NA
